model,rfecv,fold,n_features,accuracy,balanced_accuracy,precision,recall,specificity,f1,mcc,roc_auc
lr,False,1,16,0.7419354838709677,0.7181818181818183,0.6363636363636364,0.6363636363636364,0.8,0.6363636363636364,0.43636363636363634,0.8624999999999999
lr,True,1,8,0.7580645161290323,0.7306818181818182,0.6666666666666666,0.6363636363636364,0.825,0.6511627906976745,0.46642639786653944,0.8693181818181819
svm,False,1,16,0.7903225806451613,0.7454545454545455,0.7647058823529411,0.5909090909090909,0.9,0.6666666666666666,0.526516145371534,0.8534090909090908
svm,True,1,8,0.7903225806451613,0.7454545454545455,0.7647058823529411,0.5909090909090909,0.9,0.6666666666666666,0.526516145371534,0.8772727272727272
knn,False,1,16,0.6935483870967742,0.6295454545454545,0.6,0.4090909090909091,0.85,0.4864864864864865,0.2894669281878446,0.8272727272727273
knn,True,1,8,0.7258064516129032,0.6647727272727273,0.6666666666666666,0.45454545454545453,0.875,0.5405405405405406,0.3681816191862935,0.8431818181818183
rf,False,1,16,0.7258064516129032,0.7056818181818182,0.6086956521739131,0.6363636363636364,0.775,0.6222222222222222,0.40744689535534767,0.8443181818181817
rf,True,1,8,0.7096774193548387,0.6931818181818181,0.5833333333333334,0.6363636363636364,0.75,0.6086956521739131,0.3795248015085807,0.8488636363636363
et,False,1,16,0.7258064516129032,0.6954545454545455,0.6190476190476191,0.5909090909090909,0.8,0.6046511627906976,0.3951987213450482,0.853409090909091
et,True,1,8,0.7419354838709677,0.7181818181818183,0.6363636363636364,0.6363636363636364,0.8,0.6363636363636364,0.43636363636363634,0.8579545454545454
gb,False,1,16,0.7258064516129032,0.675,0.6470588235294118,0.5,0.85,0.5641025641025641,0.37538651105192705,0.8545454545454545
gb,True,1,8,0.7580645161290323,0.7204545454545455,0.6842105263157895,0.5909090909090909,0.85,0.6341463414634146,0.4575929884199208,0.8545454545454546
xgb,False,1,16,0.7096774193548387,0.6727272727272727,0.6,0.5454545454545454,0.8,0.5714285714285714,0.3535839999514189,0.8079545454545455
xgb,True,1,8,0.6935483870967742,0.6602272727272727,0.5714285714285714,0.5454545454545454,0.775,0.5581395348837209,0.32397104482355693,0.8306818181818183
lgbm,False,1,16,0.7258064516129032,0.6852272727272727,0.631578947368421,0.5454545454545454,0.825,0.5853658536585366,0.38447245934251073,0.8147727272727272
lgbm,True,1,8,0.6774193548387096,0.6375,0.55,0.5,0.775,0.5238095238095238,0.28147147364553743,0.7920454545454546
nb,False,1,16,0.7258064516129032,0.675,0.6470588235294118,0.5,0.85,0.5641025641025641,0.37538651105192705,0.8215909090909091
nb,True,1,8,0.7096774193548387,0.6625,0.6111111111111112,0.5,0.825,0.55,0.34258007985157446,0.8397727272727273
dt,False,1,16,0.7258064516129032,0.7465909090909091,0.5806451612903226,0.8181818181818182,0.675,0.6792452830188679,0.47193990372426947,0.7295454545454545
dt,True,1,8,0.7258064516129032,0.7261363636363636,0.5925925925925926,0.7272727272727273,0.725,0.6530612244897959,0.4364412909899801,0.7676136363636363
stacking,False,1,16,0.7741935483870968,0.7738636363636364,0.6538461538461539,0.7727272727272727,0.775,0.7083333333333334,0.5310895765368948,0.8579545454545454
stacking,True,1,8,0.8064516129032258,0.7988636363636363,0.7083333333333334,0.7727272727272727,0.825,0.7391304347826086,0.5871471929220984,0.8784090909090909
lr,False,2,16,0.7741935483870968,0.7738636363636364,0.6538461538461539,0.7727272727272727,0.775,0.7083333333333334,0.5310895765368948,0.8784090909090909
lr,True,2,14,0.7741935483870968,0.7738636363636364,0.6538461538461539,0.7727272727272727,0.775,0.7083333333333334,0.5310895765368948,0.8829545454545454
svm,False,2,16,0.7903225806451613,0.7454545454545455,0.7647058823529411,0.5909090909090909,0.9,0.6666666666666666,0.526516145371534,0.8568181818181818
svm,True,2,14,0.7903225806451613,0.7454545454545455,0.7647058823529411,0.5909090909090909,0.9,0.6666666666666666,0.526516145371534,0.8636363636363636
knn,False,2,16,0.8225806451612904,0.7909090909090909,0.7894736842105263,0.6818181818181818,0.9,0.7317073170731707,0.6038340465747408,0.884090909090909
knn,True,2,14,0.8548387096774194,0.8159090909090909,0.8823529411764706,0.6818181818181818,0.95,0.7692307692307693,0.677645779691141,0.8863636363636364
rf,False,2,16,0.8225806451612904,0.8113636363636363,0.7391304347826086,0.7727272727272727,0.85,0.7555555555555555,0.6167980625821285,0.8579545454545454
rf,True,2,14,0.8387096774193549,0.8238636363636364,0.7727272727272727,0.7727272727272727,0.875,0.7727272727272727,0.6477272727272727,0.8556818181818182
et,False,2,16,0.7580645161290323,0.7511363636363637,0.64,0.7272727272727273,0.775,0.6808510638297872,0.4899029638662273,0.8818181818181818
et,True,2,14,0.8225806451612904,0.8113636363636363,0.7391304347826086,0.7727272727272727,0.85,0.7555555555555555,0.6167980625821285,0.8636363636363636
gb,False,2,16,0.7741935483870968,0.7431818181818182,0.7,0.6363636363636364,0.85,0.6666666666666666,0.4978090525631819,0.8556818181818182
gb,True,2,14,0.7741935483870968,0.7431818181818182,0.7,0.6363636363636364,0.85,0.6666666666666666,0.4978090525631819,0.8556818181818182
xgb,False,2,16,0.7419354838709677,0.6977272727272728,0.6666666666666666,0.5454545454545454,0.85,0.6,0.41684569156765,0.8397727272727273
xgb,True,2,14,0.7580645161290323,0.7102272727272727,0.7058823529411765,0.5454545454545454,0.875,0.6153846153846154,0.45095132821173056,0.8454545454545456
lgbm,False,2,16,0.7419354838709677,0.6977272727272728,0.6666666666666666,0.5454545454545454,0.85,0.6,0.41684569156765,0.8318181818181818
lgbm,True,2,14,0.7580645161290323,0.7306818181818182,0.6666666666666666,0.6363636363636364,0.825,0.6511627906976745,0.46642639786653944,0.8238636363636365
nb,False,2,16,0.7903225806451613,0.7761363636363636,0.6956521739130435,0.7272727272727273,0.825,0.7111111111111111,0.5470143401732016,0.8704545454545454
nb,True,2,14,0.7580645161290323,0.740909090909091,0.6521739130434783,0.6818181818181818,0.8,0.6666666666666666,0.47723061776427467,0.8715909090909091
dt,False,2,16,0.7741935483870968,0.7738636363636364,0.6538461538461539,0.7727272727272727,0.775,0.7083333333333334,0.5310895765368948,0.8039772727272727
dt,True,2,14,0.7741935483870968,0.7738636363636364,0.6538461538461539,0.7727272727272727,0.775,0.7083333333333334,0.5310895765368948,0.8039772727272727
stacking,False,2,16,0.7903225806451613,0.7965909090909091,0.6666666666666666,0.8181818181818182,0.775,0.7346938775510204,0.572417974614999,0.8818181818181818
stacking,True,2,14,0.8064516129032258,0.8090909090909091,0.6923076923076923,0.8181818181818182,0.8,0.75,0.5994040033943377,0.8818181818181818
lr,False,3,16,0.7741935483870968,0.7738636363636364,0.6538461538461539,0.7727272727272727,0.775,0.7083333333333334,0.5310895765368948,0.8693181818181819
lr,True,3,8,0.7419354838709677,0.7284090909090909,0.625,0.6818181818181818,0.775,0.6521739130434783,0.4487322653130866,0.8613636363636363
svm,False,3,16,0.7903225806451613,0.7761363636363636,0.6956521739130435,0.7272727272727273,0.825,0.7111111111111111,0.5470143401732016,0.8477272727272727
svm,True,3,8,0.7741935483870968,0.7534090909090909,0.6818181818181818,0.6818181818181818,0.825,0.6818181818181818,0.5068181818181818,0.8488636363636364
knn,False,3,16,0.7580645161290323,0.7306818181818182,0.6666666666666666,0.6363636363636364,0.825,0.6511627906976745,0.46642639786653944,0.8181818181818182
knn,True,3,8,0.7096774193548387,0.6625,0.6111111111111112,0.5,0.825,0.55,0.34258007985157446,0.8045454545454546
rf,False,3,16,0.7741935483870968,0.7738636363636364,0.6538461538461539,0.7727272727272727,0.775,0.7083333333333334,0.5310895765368948,0.8511363636363636
rf,True,3,8,0.7903225806451613,0.7863636363636364,0.68,0.7727272727272727,0.8,0.723404255319149,0.5586223841370556,0.8522727272727273
et,False,3,16,0.7419354838709677,0.7181818181818183,0.6363636363636364,0.6363636363636364,0.8,0.6363636363636364,0.43636363636363634,0.8340909090909091
et,True,3,8,0.7258064516129032,0.7056818181818182,0.6086956521739131,0.6363636363636364,0.775,0.6222222222222222,0.40744689535534767,0.8397727272727273
gb,False,3,16,0.7419354838709677,0.7079545454545455,0.65,0.5909090909090909,0.825,0.6190476190476191,0.4256965262573004,0.8625
gb,True,3,8,0.7741935483870968,0.7431818181818182,0.7,0.6363636363636364,0.85,0.6666666666666666,0.4978090525631819,0.8647727272727272
xgb,False,3,16,0.8064516129032258,0.7784090909090908,0.75,0.6818181818181818,0.875,0.7142857142857143,0.5699215788690635,0.8829545454545454
xgb,True,3,8,0.7741935483870968,0.7431818181818182,0.7,0.6363636363636364,0.85,0.6666666666666666,0.4978090525631819,0.8431818181818183
lgbm,False,3,16,0.7419354838709677,0.7079545454545455,0.65,0.5909090909090909,0.825,0.6190476190476191,0.4256965262573004,0.8409090909090908
lgbm,True,3,8,0.7741935483870968,0.7534090909090909,0.6818181818181818,0.6818181818181818,0.825,0.6818181818181818,0.5068181818181818,0.8329545454545455
nb,False,3,16,0.8225806451612904,0.7704545454545455,0.8666666666666667,0.5909090909090909,0.95,0.7027027027027027,0.6043256921816405,0.8647727272727272
nb,True,3,8,0.8064516129032258,0.7375,0.9166666666666666,0.5,0.975,0.6470588235294118,0.5752535672785235,0.875
dt,False,3,16,0.7580645161290323,0.7818181818181817,0.6129032258064516,0.8636363636363636,0.7,0.7169811320754716,0.5393598899705937,0.8403409090909091
dt,True,3,8,0.7741935483870968,0.8045454545454545,0.625,0.9090909090909091,0.7,0.7407407407407407,0.5831601474515877,0.84375
stacking,False,3,16,0.7419354838709677,0.7488636363636363,0.6071428571428571,0.7727272727272727,0.725,0.68,0.47853565308739854,0.8579545454545454
stacking,True,3,8,0.7419354838709677,0.7386363636363636,0.6153846153846154,0.7272727272727273,0.75,0.6666666666666666,0.46277514967945194,0.8545454545454545
lr,False,4,16,0.6935483870967742,0.7011363636363637,0.5517241379310345,0.7272727272727273,0.675,0.6274509803921569,0.3857500198314227,0.7818181818181817
lr,True,4,15,0.6935483870967742,0.6909090909090909,0.5555555555555556,0.6818181818181818,0.7,0.6122448979591837,0.3684529491774706,0.7875000000000001
svm,False,4,16,0.6935483870967742,0.6909090909090909,0.5555555555555556,0.6818181818181818,0.7,0.6122448979591837,0.3684529491774706,0.765909090909091
svm,True,4,15,0.6935483870967742,0.6909090909090909,0.5555555555555556,0.6818181818181818,0.7,0.6122448979591837,0.3684529491774706,0.7602272727272728
knn,False,4,16,0.6935483870967742,0.6704545454545454,0.5652173913043478,0.5909090909090909,0.75,0.5777777777777777,0.33766317294642073,0.7357954545454546
knn,True,4,15,0.6451612903225806,0.6125,0.5,0.5,0.725,0.5,0.225,0.7318181818181817
rf,False,4,16,0.7096774193548387,0.7034090909090909,0.5769230769230769,0.6818181818181818,0.725,0.625,0.39446072282200906,0.7556818181818182
rf,True,4,15,0.7096774193548387,0.7034090909090909,0.5769230769230769,0.6818181818181818,0.725,0.625,0.39446072282200906,0.7511363636363637
et,False,4,16,0.7258064516129032,0.7056818181818182,0.6086956521739131,0.6363636363636364,0.775,0.6222222222222222,0.40744689535534767,0.7590909090909091
et,True,4,15,0.6935483870967742,0.6806818181818182,0.56,0.6363636363636364,0.725,0.5957446808510638,0.3524641233245708,0.7568181818181818
gb,False,4,16,0.7096774193548387,0.6931818181818181,0.5833333333333334,0.6363636363636364,0.75,0.6086956521739131,0.3795248015085807,0.7261363636363636
gb,True,4,15,0.7096774193548387,0.6931818181818181,0.5833333333333334,0.6363636363636364,0.75,0.6086956521739131,0.3795248015085807,0.7306818181818182
xgb,False,4,16,0.6774193548387096,0.6375,0.55,0.5,0.775,0.5238095238095238,0.28147147364553743,0.7306818181818182
xgb,True,4,15,0.6935483870967742,0.65,0.5789473684210527,0.5,0.8,0.5365853658536586,0.3113519302651007,0.7272727272727273
lgbm,False,4,16,0.6774193548387096,0.6477272727272727,0.5454545454545454,0.5454545454545454,0.75,0.5454545454545454,0.29545454545454547,0.725
lgbm,True,4,15,0.6935483870967742,0.6602272727272727,0.5714285714285714,0.5454545454545454,0.775,0.5581395348837209,0.32397104482355693,0.7204545454545455
nb,False,4,16,0.7419354838709677,0.7284090909090909,0.625,0.6818181818181818,0.775,0.6521739130434783,0.4487322653130866,0.7522727272727272
nb,True,4,15,0.7419354838709677,0.7284090909090909,0.625,0.6818181818181818,0.775,0.6521739130434783,0.4487322653130866,0.7465909090909092
dt,False,4,16,0.7580645161290323,0.7715909090909091,0.6206896551724138,0.8181818181818182,0.725,0.7058823529411765,0.5208714957045764,0.7835227272727274
dt,True,4,15,0.7419354838709677,0.759090909090909,0.6,0.8181818181818182,0.7,0.6923076923076923,0.49612131947373883,0.7613636363636365
stacking,False,4,16,0.7096774193548387,0.7136363636363636,0.5714285714285714,0.7272727272727273,0.7,0.64,0.4107977295910088,0.775
stacking,True,4,15,0.7096774193548387,0.7136363636363636,0.5714285714285714,0.7272727272727273,0.7,0.64,0.4107977295910088,0.775
lr,False,5,16,0.819672131147541,0.8172619047619047,0.7083333333333334,0.8095238095238095,0.825,0.7555555555555555,0.6171362867974921,0.8976190476190476
lr,True,5,15,0.8032786885245902,0.7821428571428571,0.7142857142857143,0.7142857142857143,0.85,0.7142857142857143,0.5642857142857143,0.888095238095238
svm,False,5,16,0.8360655737704918,0.7958333333333334,0.8235294117647058,0.6666666666666666,0.925,0.7368421052631579,0.6269976986257576,0.9107142857142857
svm,True,5,15,0.819672131147541,0.7833333333333333,0.7777777777777778,0.6666666666666666,0.9,0.717948717948718,0.5903326847848058,0.9035714285714285
knn,False,5,16,0.819672131147541,0.7946428571428572,0.75,0.7142857142857143,0.875,0.7317073170731707,0.5964288322309513,0.905952380952381
knn,True,5,15,0.8032786885245902,0.7821428571428571,0.7142857142857143,0.7142857142857143,0.85,0.7142857142857143,0.5642857142857143,0.9047619047619047
rf,False,5,16,0.819672131147541,0.805952380952381,0.7272727272727273,0.7619047619047619,0.85,0.7441860465116279,0.6054521587807881,0.9107142857142856
rf,True,5,15,0.819672131147541,0.805952380952381,0.7272727272727273,0.7619047619047619,0.85,0.7441860465116279,0.6054521587807881,0.9083333333333334
et,False,5,16,0.8360655737704918,0.8184523809523809,0.7619047619047619,0.7619047619047619,0.875,0.7619047619047619,0.6369047619047619,0.9261904761904761
et,True,5,15,0.819672131147541,0.805952380952381,0.7272727272727273,0.7619047619047619,0.85,0.7441860465116279,0.6054521587807881,0.911904761904762
gb,False,5,16,0.7704918032786885,0.7232142857142857,0.7058823529411765,0.5714285714285714,0.875,0.631578947368421,0.47308679473774473,0.8845238095238096
gb,True,5,15,0.7704918032786885,0.7232142857142857,0.7058823529411765,0.5714285714285714,0.875,0.631578947368421,0.47308679473774473,0.8880952380952382
xgb,False,5,16,0.8688524590163934,0.8321428571428571,0.8823529411764706,0.7142857142857143,0.95,0.7894736842105263,0.7039531505697642,0.9095238095238096
xgb,True,5,15,0.8360655737704918,0.7958333333333334,0.8235294117647058,0.6666666666666666,0.925,0.7368421052631579,0.6269976986257576,0.9107142857142858
lgbm,False,5,16,0.819672131147541,0.7946428571428572,0.75,0.7142857142857143,0.875,0.7317073170731707,0.5964288322309513,0.8976190476190476
lgbm,True,5,15,0.819672131147541,0.7946428571428572,0.75,0.7142857142857143,0.875,0.7317073170731707,0.5964288322309513,0.8976190476190476
nb,False,5,16,0.8032786885245902,0.7595238095238095,0.7647058823529411,0.6190476190476191,0.9,0.6842105263157895,0.5500422466817512,0.8517857142857143
nb,True,5,15,0.7868852459016393,0.7470238095238095,0.7222222222222222,0.6190476190476191,0.875,0.6666666666666666,0.5146808071128034,0.8458333333333333
dt,False,5,16,0.7868852459016393,0.8035714285714286,0.6428571428571429,0.8571428571428571,0.75,0.7346938775510204,0.5788880006133953,0.8660714285714286
dt,True,5,15,0.7704918032786885,0.7797619047619048,0.6296296296296297,0.8095238095238095,0.75,0.7083333333333334,0.5352255958259309,0.8321428571428572
stacking,False,5,16,0.7704918032786885,0.7571428571428571,0.6521739130434783,0.7142857142857143,0.8,0.6818181818181818,0.5041832198608731,0.9142857142857144
stacking,True,5,15,0.7868852459016393,0.7696428571428571,0.6818181818181818,0.7142857142857143,0.825,0.6976744186046512,0.5335988870188657,0.9011904761904761
lr,False,6,16,0.7868852459016393,0.780952380952381,0.6666666666666666,0.7619047619047619,0.8,0.7111111111111111,0.5465071808037829,0.8321428571428571
lr,True,6,15,0.7704918032786885,0.7571428571428571,0.6521739130434783,0.7142857142857143,0.8,0.6818181818181818,0.5041832198608731,0.8404761904761905
svm,False,6,16,0.819672131147541,0.7833333333333333,0.7777777777777778,0.6666666666666666,0.9,0.717948717948718,0.5903326847848058,0.8583333333333334
svm,True,6,15,0.8032786885245902,0.7708333333333333,0.7368421052631579,0.6666666666666666,0.875,0.7,0.5557382740461251,0.8654761904761905
knn,False,6,16,0.8032786885245902,0.7708333333333333,0.7368421052631579,0.6666666666666666,0.875,0.7,0.5557382740461251,0.8833333333333333
knn,True,6,15,0.8360655737704918,0.8184523809523809,0.7619047619047619,0.7619047619047619,0.875,0.7619047619047619,0.6369047619047619,0.9047619047619048
rf,False,6,16,0.7540983606557377,0.7333333333333334,0.6363636363636364,0.6666666666666666,0.8,0.6511627906976745,0.4617456152569434,0.8547619047619047
rf,True,6,15,0.7868852459016393,0.780952380952381,0.6666666666666666,0.7619047619047619,0.8,0.7111111111111111,0.5465071808037829,0.8452380952380952
et,False,6,16,0.7540983606557377,0.7333333333333334,0.6363636363636364,0.6666666666666666,0.8,0.6511627906976745,0.4617456152569434,0.8583333333333334
et,True,6,15,0.7704918032786885,0.7684523809523809,0.64,0.7619047619047619,0.775,0.6956521739130435,0.5186992787723362,0.8666666666666667
gb,False,6,16,0.7540983606557377,0.7107142857142856,0.6666666666666666,0.5714285714285714,0.85,0.6153846153846154,0.43902892944080096,0.8607142857142857
gb,True,6,15,0.7540983606557377,0.7107142857142856,0.6666666666666666,0.5714285714285714,0.85,0.6153846153846154,0.43902892944080096,0.8607142857142857
xgb,False,6,16,0.7377049180327869,0.6982142857142857,0.631578947368421,0.5714285714285714,0.825,0.6,0.4067271324337575,0.8678571428571429
xgb,True,6,15,0.7377049180327869,0.6982142857142857,0.631578947368421,0.5714285714285714,0.825,0.6,0.4067271324337575,0.844047619047619
lgbm,False,6,16,0.7377049180327869,0.7095238095238096,0.6190476190476191,0.6190476190476191,0.8,0.6190476190476191,0.41904761904761906,0.8273809523809524
lgbm,True,6,15,0.7377049180327869,0.7095238095238096,0.6190476190476191,0.6190476190476191,0.8,0.6190476190476191,0.41904761904761906,0.8273809523809524
nb,False,6,16,0.8360655737704918,0.8071428571428572,0.7894736842105263,0.7142857142857143,0.9,0.75,0.6302438448523089,0.8488095238095238
nb,True,6,15,0.8032786885245902,0.7708333333333333,0.7368421052631579,0.6666666666666666,0.875,0.7,0.5557382740461251,0.8738095238095238
dt,False,6,16,0.6721311475409836,0.6595238095238095,0.52,0.6190476190476191,0.7,0.5652173913043478,0.3082292831729182,0.7214285714285714
dt,True,6,15,0.6721311475409836,0.6595238095238095,0.52,0.6190476190476191,0.7,0.5652173913043478,0.3082292831729182,0.7214285714285714
stacking,False,6,16,0.8032786885245902,0.7934523809523809,0.6956521739130435,0.7619047619047619,0.825,0.7272727272727273,0.5753757578504872,0.8571428571428571
stacking,True,6,15,0.8032786885245902,0.7934523809523809,0.6956521739130435,0.7619047619047619,0.825,0.7272727272727273,0.5753757578504872,0.8642857142857143
lr,False,7,16,0.7704918032786885,0.7684523809523809,0.64,0.7619047619047619,0.775,0.6956521739130435,0.5186992787723362,0.825
lr,True,7,14,0.7704918032786885,0.7571428571428571,0.6521739130434783,0.7142857142857143,0.8,0.6818181818181818,0.5041832198608731,0.8202380952380952
svm,False,7,16,0.7213114754098361,0.6970238095238095,0.5909090909090909,0.6190476190476191,0.775,0.6046511627906976,0.38989234349502105,0.7738095238095238
svm,True,7,14,0.7377049180327869,0.7208333333333333,0.6086956521739131,0.6666666666666666,0.775,0.6363636363636364,0.4329906818712591,0.7726190476190476
knn,False,7,16,0.6885245901639344,0.6607142857142857,0.5454545454545454,0.5714285714285714,0.75,0.5581395348837209,0.31803907173309875,0.7571428571428571
knn,True,7,14,0.7377049180327869,0.7208333333333333,0.6086956521739131,0.6666666666666666,0.775,0.6363636363636364,0.4329906818712591,0.7517857142857143
rf,False,7,16,0.7540983606557377,0.7559523809523809,0.6153846153846154,0.7619047619047619,0.75,0.6808510638297872,0.49182218668705335,0.7904761904761904
rf,True,7,14,0.7540983606557377,0.7559523809523809,0.6153846153846154,0.7619047619047619,0.75,0.6808510638297872,0.49182218668705335,0.8023809523809523
et,False,7,16,0.7540983606557377,0.7446428571428572,0.625,0.7142857142857143,0.775,0.6666666666666666,0.47587807481007366,0.8
et,True,7,14,0.7540983606557377,0.7559523809523809,0.6153846153846154,0.7619047619047619,0.75,0.6808510638297872,0.49182218668705335,0.7845238095238095
gb,False,7,16,0.7704918032786885,0.7684523809523809,0.64,0.7619047619047619,0.775,0.6956521739130435,0.5186992787723362,0.8392857142857142
gb,True,7,14,0.7704918032786885,0.7684523809523809,0.64,0.7619047619047619,0.775,0.6956521739130435,0.5186992787723362,0.8380952380952381
xgb,False,7,16,0.7540983606557377,0.7446428571428572,0.625,0.7142857142857143,0.775,0.6666666666666666,0.47587807481007366,0.8011904761904762
xgb,True,7,14,0.7540983606557377,0.7446428571428572,0.625,0.7142857142857143,0.775,0.6666666666666666,0.47587807481007366,0.8119047619047619
lgbm,False,7,16,0.7540983606557377,0.7559523809523809,0.6153846153846154,0.7619047619047619,0.75,0.6808510638297872,0.49182218668705335,0.7928571428571428
lgbm,True,7,14,0.7540983606557377,0.7446428571428572,0.625,0.7142857142857143,0.775,0.6666666666666666,0.47587807481007366,0.7845238095238095
nb,False,7,16,0.7377049180327869,0.7095238095238096,0.6190476190476191,0.6190476190476191,0.8,0.6190476190476191,0.41904761904761906,0.7916666666666667
nb,True,7,14,0.7213114754098361,0.6970238095238095,0.5909090909090909,0.6190476190476191,0.775,0.6046511627906976,0.38989234349502105,0.7916666666666666
dt,False,7,16,0.7049180327868853,0.7410714285714286,0.5454545454545454,0.8571428571428571,0.625,0.6666666666666666,0.4597051769576963,0.7595238095238095
dt,True,7,14,0.7049180327868853,0.7410714285714286,0.5454545454545454,0.8571428571428571,0.625,0.6666666666666666,0.4597051769576963,0.769047619047619
stacking,False,7,16,0.7213114754098361,0.7196428571428571,0.5769230769230769,0.7142857142857143,0.725,0.6382978723404256,0.42205206252912253,0.8035714285714286
stacking,True,7,14,0.7213114754098361,0.7309523809523809,0.5714285714285714,0.7619047619047619,0.7,0.6530612244897959,0.4404089102705831,0.7916666666666667
lr,False,8,16,0.7868852459016393,0.7922619047619048,0.6538461538461539,0.8095238095238095,0.775,0.723404255319149,0.5615923108449842,0.8738095238095238
lr,True,8,8,0.819672131147541,0.8172619047619047,0.7083333333333334,0.8095238095238095,0.825,0.7555555555555555,0.6171362867974921,0.8571428571428572
svm,False,8,16,0.7868852459016393,0.7583333333333333,0.7,0.6666666666666666,0.85,0.6829268292682927,0.5229295215923896,0.8428571428571429
svm,True,8,8,0.7540983606557377,0.7220238095238095,0.65,0.6190476190476191,0.825,0.6341463414634146,0.44943021095382796,0.8095238095238095
knn,False,8,16,0.8032786885245902,0.7595238095238095,0.7647058823529411,0.6190476190476191,0.9,0.6842105263157895,0.5500422466817512,0.8273809523809524
knn,True,8,8,0.7868852459016393,0.7583333333333333,0.7,0.6666666666666666,0.85,0.6829268292682927,0.5229295215923896,0.8178571428571428
rf,False,8,16,0.7704918032786885,0.7571428571428571,0.6521739130434783,0.7142857142857143,0.8,0.6818181818181818,0.5041832198608731,0.8107142857142857
rf,True,8,8,0.7540983606557377,0.7446428571428572,0.625,0.7142857142857143,0.775,0.6666666666666666,0.47587807481007366,0.8011904761904762
et,False,8,16,0.7704918032786885,0.7458333333333333,0.6666666666666666,0.6666666666666666,0.825,0.6666666666666666,0.49166666666666664,0.8273809523809523
et,True,8,8,0.7704918032786885,0.7571428571428571,0.6521739130434783,0.7142857142857143,0.8,0.6818181818181818,0.5041832198608731,0.8214285714285714
gb,False,8,16,0.6885245901639344,0.638095238095238,0.5555555555555556,0.47619047619047616,0.8,0.5128205128205128,0.2877251740967961,0.794047619047619
gb,True,8,8,0.7377049180327869,0.7095238095238096,0.6190476190476191,0.6190476190476191,0.8,0.6190476190476191,0.41904761904761906,0.7964285714285715
xgb,False,8,16,0.7377049180327869,0.6982142857142857,0.631578947368421,0.5714285714285714,0.825,0.6,0.4067271324337575,0.8011904761904761
xgb,True,8,8,0.7868852459016393,0.7583333333333333,0.7,0.6666666666666666,0.85,0.6829268292682927,0.5229295215923896,0.8202380952380952
lgbm,False,8,16,0.7213114754098361,0.6857142857142857,0.6,0.5714285714285714,0.8,0.5853658536585366,0.37593090031526627,0.7726190476190476
lgbm,True,8,8,0.819672131147541,0.7946428571428572,0.75,0.7142857142857143,0.875,0.7317073170731707,0.5964288322309513,0.8214285714285714
nb,False,8,16,0.7704918032786885,0.7232142857142857,0.7058823529411765,0.5714285714285714,0.875,0.631578947368421,0.47308679473774473,0.8452380952380952
nb,True,8,8,0.7704918032786885,0.7232142857142857,0.7058823529411765,0.5714285714285714,0.875,0.631578947368421,0.47308679473774473,0.8452380952380952
dt,False,8,16,0.6065573770491803,0.6095238095238096,0.4482758620689655,0.6190476190476191,0.6,0.52,0.20840310818416558,0.7107142857142857
dt,True,8,8,0.6721311475409836,0.6934523809523809,0.5161290322580645,0.7619047619047619,0.625,0.6153846153846154,0.3677072930386541,0.7273809523809524
stacking,False,8,16,0.7868852459016393,0.7922619047619048,0.6538461538461539,0.8095238095238095,0.775,0.723404255319149,0.5615923108449842,0.8392857142857143
stacking,True,8,8,0.7540983606557377,0.7559523809523809,0.6153846153846154,0.7619047619047619,0.75,0.6808510638297872,0.49182218668705335,0.8119047619047619
lr,False,9,16,0.7868852459016393,0.780952380952381,0.6666666666666666,0.7619047619047619,0.8,0.7111111111111111,0.5465071808037829,0.861904761904762
lr,True,9,14,0.8032786885245902,0.8047619047619048,0.68,0.8095238095238095,0.8,0.7391304347826086,0.5888559439721422,0.8595238095238095
svm,False,9,16,0.7868852459016393,0.780952380952381,0.6666666666666666,0.7619047619047619,0.8,0.7111111111111111,0.5465071808037829,0.8571428571428572
svm,True,9,14,0.7868852459016393,0.780952380952381,0.6666666666666666,0.7619047619047619,0.8,0.7111111111111111,0.5465071808037829,0.8666666666666667
knn,False,9,16,0.7704918032786885,0.7458333333333333,0.6666666666666666,0.6666666666666666,0.825,0.6666666666666666,0.49166666666666664,0.8083333333333333
knn,True,9,14,0.7377049180327869,0.7321428571428572,0.6,0.7142857142857143,0.75,0.6521739130434783,0.4485426135725302,0.8083333333333333
rf,False,9,16,0.7704918032786885,0.7797619047619048,0.6296296296296297,0.8095238095238095,0.75,0.7083333333333334,0.5352255958259309,0.8547619047619046
rf,True,9,14,0.7868852459016393,0.7922619047619048,0.6538461538461539,0.8095238095238095,0.775,0.723404255319149,0.5615923108449842,0.8476190476190476
et,False,9,16,0.7704918032786885,0.7571428571428571,0.6521739130434783,0.7142857142857143,0.8,0.6818181818181818,0.5041832198608731,0.8357142857142857
et,True,9,14,0.7540983606557377,0.7446428571428572,0.625,0.7142857142857143,0.775,0.6666666666666666,0.47587807481007366,0.8404761904761905
gb,False,9,16,0.7213114754098361,0.7083333333333333,0.5833333333333334,0.6666666666666666,0.75,0.6222222222222222,0.40524896881636446,0.8226190476190475
gb,True,9,14,0.7213114754098361,0.7083333333333333,0.5833333333333334,0.6666666666666666,0.75,0.6222222222222222,0.40524896881636446,0.8214285714285714
xgb,False,9,16,0.7377049180327869,0.7321428571428572,0.6,0.7142857142857143,0.75,0.6521739130434783,0.4485426135725302,0.8023809523809524
xgb,True,9,14,0.7377049180327869,0.7321428571428572,0.6,0.7142857142857143,0.75,0.6521739130434783,0.4485426135725302,0.8047619047619048
lgbm,False,9,16,0.7213114754098361,0.7196428571428571,0.5769230769230769,0.7142857142857143,0.725,0.6382978723404256,0.42205206252912253,0.7833333333333332
lgbm,True,9,14,0.7377049180327869,0.743452380952381,0.5925925925925926,0.7619047619047619,0.725,0.6666666666666666,0.46576014615490585,0.7738095238095238
nb,False,9,16,0.8032786885245902,0.7708333333333333,0.7368421052631579,0.6666666666666666,0.875,0.7,0.5557382740461251,0.8666666666666667
nb,True,9,14,0.7868852459016393,0.7696428571428571,0.6818181818181818,0.7142857142857143,0.825,0.6976744186046512,0.5335988870188657,0.8654761904761905
dt,False,9,16,0.7704918032786885,0.8136904761904762,0.6060606060606061,0.9523809523809523,0.675,0.7407407407407407,0.5981842673005086,0.8351190476190476
dt,True,9,14,0.7704918032786885,0.8136904761904762,0.6060606060606061,0.9523809523809523,0.675,0.7407407407407407,0.5981842673005086,0.8351190476190476
stacking,False,9,16,0.7540983606557377,0.7672619047619047,0.6071428571428571,0.8095238095238095,0.725,0.6938775510204082,0.5096484554419892,0.8452380952380952
stacking,True,9,14,0.7540983606557377,0.7672619047619047,0.6071428571428571,0.8095238095238095,0.725,0.6938775510204082,0.5096484554419892,0.8535714285714286
lr,False,10,16,0.7213114754098361,0.6970238095238095,0.5909090909090909,0.6190476190476191,0.775,0.6046511627906976,0.38989234349502105,0.7761904761904761
lr,True,10,8,0.6885245901639344,0.6607142857142857,0.5454545454545454,0.5714285714285714,0.75,0.5581395348837209,0.31803907173309875,0.7666666666666667
svm,False,10,16,0.7213114754098361,0.6630952380952381,0.625,0.47619047619047616,0.85,0.5405405405405406,0.35232598241344315,0.8023809523809523
svm,True,10,8,0.6885245901639344,0.6494047619047619,0.55,0.5238095238095238,0.775,0.5365853658536586,0.3024315896767046,0.7869047619047619
knn,False,10,16,0.7377049180327869,0.6982142857142857,0.631578947368421,0.5714285714285714,0.825,0.6,0.4067271324337575,0.7726190476190476
knn,True,10,8,0.6721311475409836,0.6255952380952381,0.5263157894736842,0.47619047619047616,0.775,0.5,0.2577159908213899,0.7107142857142857
rf,False,10,16,0.6557377049180327,0.6244047619047619,0.5,0.5238095238095238,0.725,0.5116279069767442,0.24618579997117646,0.763095238095238
rf,True,10,8,0.6885245901639344,0.6494047619047619,0.55,0.5238095238095238,0.775,0.5365853658536586,0.3024315896767046,0.7583333333333333
et,False,10,16,0.7049180327868853,0.6845238095238095,0.5652173913043478,0.6190476190476191,0.75,0.5909090909090909,0.3617981438816451,0.7761904761904762
et,True,10,8,0.6721311475409836,0.6595238095238095,0.52,0.6190476190476191,0.7,0.5652173913043478,0.3082292831729182,0.7654761904761905
gb,False,10,16,0.6721311475409836,0.6142857142857143,0.5294117647058824,0.42857142857142855,0.8,0.47368421052631576,0.24222043890572528,0.7654761904761904
gb,True,10,8,0.6721311475409836,0.6142857142857143,0.5294117647058824,0.42857142857142855,0.8,0.47368421052631576,0.24222043890572528,0.7749999999999999
xgb,False,10,16,0.6557377049180327,0.6130952380952381,0.5,0.47619047619047616,0.75,0.4878048780487805,0.22893227903814292,0.75
xgb,True,10,8,0.6885245901639344,0.638095238095238,0.5555555555555556,0.47619047619047616,0.8,0.5128205128205128,0.2877251740967961,0.738095238095238
lgbm,False,10,16,0.6229508196721312,0.5767857142857142,0.45,0.42857142857142855,0.725,0.43902439024390244,0.15543296839958126,0.7059523809523809
lgbm,True,10,8,0.7049180327868853,0.661904761904762,0.5789473684210527,0.5238095238095238,0.8,0.55,0.3322215616275737,0.6988095238095238
nb,False,10,16,0.7213114754098361,0.6857142857142857,0.6,0.5714285714285714,0.8,0.5853658536585366,0.37593090031526627,0.8047619047619048
nb,True,10,8,0.6885245901639344,0.6607142857142857,0.5454545454545454,0.5714285714285714,0.75,0.5581395348837209,0.31803907173309875,0.7976190476190477
dt,False,10,16,0.639344262295082,0.6345238095238095,0.48148148148148145,0.6190476190476191,0.65,0.5416666666666666,0.2573637971418306,0.680952380952381
dt,True,10,8,0.6721311475409836,0.6482142857142856,0.5217391304347826,0.5714285714285714,0.725,0.5454545454545454,0.29060560589203105,0.6476190476190476
stacking,False,10,16,0.6885245901639344,0.6833333333333333,0.5384615384615384,0.6666666666666666,0.7,0.5957446808510638,0.3522819383711917,0.8
stacking,True,10,8,0.6721311475409836,0.6595238095238095,0.52,0.6190476190476191,0.7,0.5652173913043478,0.3082292831729182,0.7726190476190476
