model,rfecv,n_features_mean,n_features_std,accuracy_mean,accuracy_std,balanced_accuracy_mean,balanced_accuracy_std,precision_mean,precision_std,recall_mean,recall_std,specificity_mean,specificity_std,f1_mean,f1_std,mcc_mean,mcc_std,roc_auc_mean,roc_auc_std
lr,False,16.0,0.0,0.7656002115282919,0.0367688364254,0.7603950216450217,0.04059520018645815,0.6422201993408889,0.04324772320842735,0.7432900432900433,0.06555103073385621,0.7775000000000001,0.03987828704668467,0.6881966653223127,0.048362112886820796,0.5064627390786248,0.07668971794044696,0.8458712121212122,0.04107273205254193
lr,True,11.9,3.3813212407775355,0.7623479640401903,0.04413106771944586,0.7503030303030302,0.04891014756181536,0.6453489795228926,0.05676035250632481,0.7106060606060606,0.07454223383967437,0.79,0.042817441928883766,0.6754662538177633,0.05965735855433296,0.49113846454041854,0.09436054214209366,0.8433279220779222,0.04022616491951347
stacking,False,16.0,0.0,0.7540719196192491,0.0379685366313615,0.7546049783549783,0.0383563777130809,0.6223283962414398,0.04985204528966093,0.7567099567099567,0.04996828763883192,0.7525000000000001,0.04322100826629982,0.682344247950631,0.04532818797036109,0.49179746787289497,0.07559988907475738,0.8432251082251081,0.0412064073563961
stacking,True,11.9,3.3813212407775355,0.7556319407720783,0.045785309777904924,0.7537012987012986,0.045153994449539166,0.6278880612141482,0.06401387096925767,0.7474025974025974,0.05629601560239031,0.76,0.05426273532033231,0.6813751477970993,0.05456538098105418,0.4919207556028794,0.09034701431652681,0.8385010822510823,0.04693023371103627
svm,False,16.0,0.0,0.7736647276573242,0.04605904090516482,0.7436525974025974,0.045229644216734,0.6964502441292723,0.08760811208104849,0.6448051948051947,0.08043001903825743,0.8425,0.06977145229644828,0.6650709809326145,0.061877513713152844,0.4997484991808941,0.0953525364579894,0.8369101731601731,0.04390822781286868
svm,True,11.9,3.3813212407775355,0.7638551031200423,0.044851399170492266,0.7362608225108225,0.04204888973594016,0.6756767703961135,0.08531419183823569,0.645021645021645,0.06582680939657742,0.8275,0.0671337802037428,0.6563551585851237,0.05450920807669655,0.4805734043875226,0.09097856645114413,0.8354761904761905,0.04930078496708167
nb,True,11.9,3.3813212407775355,0.7573506081438393,0.04080343992830275,0.7237770562770562,0.03917127853052414,0.678808018942963,0.1034238772296262,0.6125541125541125,0.07577475239893866,0.835,0.06687467549246291,0.6374610133553714,0.05228524071404152,0.4628832708351117,0.08833232876805983,0.8352597402597404,0.04308832874615282
et,False,16.0,0.0,0.7541776837652037,0.03565153241383138,0.7354383116883116,0.03826847623025342,0.6411433276868059,0.05051937314609877,0.6733766233766234,0.054438173739128626,0.7975000000000001,0.03425800798515743,0.6563216243869385,0.048476737587783446,0.4661088699311223,0.07615022506402304,0.8352218614718614,0.04932390524138965
nb,False,16.0,0.0,0.7752776308831306,0.041677696287941254,0.7405952380952381,0.04292973098106744,0.7050329307924542,0.08570541780321778,0.6261904761904762,0.07147629114217023,0.8550000000000001,0.05502524673073059,0.6600293237350222,0.059660784505243314,0.49795484884006713,0.09216800174476557,0.831801948051948,0.03863928599112635
et,True,11.9,3.3813212407775355,0.7524854574299312,0.0481138799958288,0.7407575757575757,0.04996113004721805,0.6324020979020979,0.06636464714387706,0.7015151515151514,0.06313399293425959,0.78,0.0483045891539648,0.6644277619036132,0.060870311016999024,0.4717336919709726,0.0994130085798032,0.8308658008658009,0.049243059846100654
rf,False,16.0,0.0,0.7556848228450554,0.04983790533915321,0.74508658008658,0.0561577133040266,0.633941983941984,0.06888125198475441,0.7101731601731601,0.08559717440587748,0.78,0.04533823502911817,0.6689090434278461,0.07129905794132649,0.4794409833679145,0.10975561549296844,0.8293614718614718,0.04842376024960478
gb,True,11.9,3.3813212407775355,0.7442358540454785,0.03403222646235105,0.713452380952381,0.04113806421821173,0.64118855963438,0.0608121165855349,0.6119047619047618,0.08476973355528059,0.8150000000000001,0.045946829173634046,0.6233745115432898,0.05950011232112566,0.4330067924775456,0.08042535057912917,0.8285443722943724,0.04821659180271563
rf,True,11.9,3.3813212407775355,0.7638551031200423,0.0496829585097823,0.7535984848484849,0.05588281155978464,0.6451153846153846,0.06959800431108758,0.7196969696969697,0.0855168602989169,0.7875,0.04602233757161358,0.6792631689512335,0.07172795508193672,0.49640186827983046,0.10931198321297654,0.8271049783549783,0.04836755299052099
gb,False,16.0,0.0,0.7328662083553675,0.035665692417267095,0.698241341991342,0.04613568544383121,0.6261241830065359,0.06023923026165976,0.5839826839826839,0.09841439106845631,0.8125,0.04448782605013043,0.6009855184225893,0.06716051050233536,0.40444264761507576,0.08789933789529353,0.8265530303030303,0.04999992874784877
knn,False,16.0,0.0,0.7590692755156002,0.053505752862600495,0.7251352813852814,0.05762884686565447,0.6716605889287273,0.08626369243439014,0.6127705627705627,0.08619110552331323,0.8375,0.054326686710022075,0.6387858416974457,0.08092187684472849,0.4616032769367896,0.11767732970056925,0.8220102813852813,0.056763959287833926
xgb,False,16.0,0.0,0.7427287149656266,0.060643362457480345,0.7104816017316018,0.06476561208314918,0.6437177502579979,0.10680962856775503,0.6034632034632035,0.09349379957661567,0.8175000000000001,0.06241661103691334,0.6205642951493261,0.08888708278692432,0.4292583126891696,0.13607846894066233,0.8193506493506494,0.05646601274516383
xgb,True,11.9,3.3813212407775355,0.7460338445267054,0.046824488512040775,0.7130898268398268,0.05140908105405824,0.6491922207479484,0.08288868248237141,0.6036796536796537,0.08711026941994551,0.8225,0.05329425651773163,0.622820620985077,0.07119338545596476,0.4352883570994875,0.10580549781295115,0.8176352813852814,0.05339101957069639
knn,True,11.9,3.3813212407775355,0.7509254362771021,0.06844081249361923,0.7193181818181819,0.07541802728748025,0.6571332636792322,0.11373865760496456,0.6136363636363636,0.11668810446801692,0.825,0.06871842709362766,0.6307426164637193,0.10296658712896292,0.4476776762777054,0.15319010213040563,0.8164123376623376,0.06986821866613847
lgbm,False,16.0,0.0,0.7264145954521417,0.0508050371158727,0.6980898268398269,0.0586258853701904,0.6105055470844944,0.07884250005766129,0.6036796536796537,0.1009814946093556,0.7925,0.05277046732995853,0.6044162134354143,0.0783139714487808,0.39831837918316004,0.11563531118881494,0.7992261904761905,0.05649568368134085
lgbm,True,11.9,3.3813212407775355,0.7476996298254892,0.0484333585137252,0.7230627705627706,0.055076407499130085,0.6385500999974684,0.0715540033240031,0.6411255411255411,0.09167773270104876,0.805,0.04684489774185064,0.6380725617736395,0.07365027649590658,0.44644521642558904,0.10867259821197194,0.7972889610389611,0.05761565825707272
dt,False,16.0,0.0,0.7196456901110524,0.06216800070375763,0.7335768398268399,0.0727421649046709,0.5712213834038083,0.06984268904312402,0.7796536796536796,0.1198594905845198,0.6875,0.0543266867100221,0.6579427444298291,0.08349678399737866,0.44740344993068487,0.13913981860318167,0.7731195887445887,0.06254583473345211
dt,True,11.9,3.3813212407775355,0.7278424114225277,0.04468944540600664,0.7399350649350649,0.05768654894044054,0.5810451690276375,0.05102872528844095,0.7798701298701298,0.11889688301275371,0.7,0.048591265790377515,0.6636240283755812,0.06896886212158003,0.4606469556639941,0.10907609510182373,0.7709442640692641,0.06139189161913781
