selector,feature,frequency
lr,Glucose,1.0
lr,Age,0.94
lr,Pregnancies,0.94
lr,DiabetesPedigreeFunction,0.92
lr,Glucose_Age,0.84
lr,BMI,0.82
lr,Insulin_Glucose_Ratio,0.8
lr,Glucose_BMI,0.78
lr,Obese,0.74
lr,HOMA_IR_surrogate,0.72
lr,Pedigree_Age,0.64
lr,BMI_Age,0.38
lr,Hyperglycemic,0.26
lr,Insulin,0.26
lr,BloodPressure,0.02
rf,BMI,1.0
rf,BMI_Age,1.0
rf,Glucose,1.0
rf,Glucose_Age,1.0
rf,Glucose_BMI,1.0
rf,HOMA_IR_surrogate,1.0
rf,Pedigree_Age,1.0
rf,DiabetesPedigreeFunction,0.94
rf,Age,0.68
rf,BloodPressure,0.68
rf,Insulin_Glucose_Ratio,0.68
rf,Pregnancies,0.58
rf,SkinThickness,0.56
rf,Insulin,0.46
rf,Hyperglycemic,0.38
rf,Obese,0.06
