repeat,fold,selector,feature
1,1,rf,Glucose
1,1,rf,BMI
1,1,rf,DiabetesPedigreeFunction
1,1,rf,Glucose_BMI
1,1,rf,Glucose_Age
1,1,rf,HOMA_IR_surrogate
1,1,rf,BMI_Age
1,1,rf,Pedigree_Age
1,1,lr,Pregnancies
1,1,lr,Glucose
1,1,lr,BMI
1,1,lr,DiabetesPedigreeFunction
1,1,lr,Age
1,1,lr,Glucose_BMI
1,1,lr,Glucose_Age
1,1,lr,HOMA_IR_surrogate
1,1,lr,Insulin_Glucose_Ratio
1,2,rf,Pregnancies
1,2,rf,Glucose
1,2,rf,BloodPressure
1,2,rf,SkinThickness
1,2,rf,Insulin
1,2,rf,BMI
1,2,rf,DiabetesPedigreeFunction
1,2,rf,Age
1,2,rf,Glucose_BMI
1,2,rf,Glucose_Age
1,2,rf,HOMA_IR_surrogate
1,2,rf,Insulin_Glucose_Ratio
1,2,rf,BMI_Age
1,2,rf,Pedigree_Age
1,2,lr,Pregnancies
1,2,lr,Glucose
1,2,lr,BMI
1,2,lr,DiabetesPedigreeFunction
1,2,lr,Age
1,2,lr,Glucose_BMI
1,2,lr,Glucose_Age
1,2,lr,HOMA_IR_surrogate
1,2,lr,Insulin_Glucose_Ratio
1,2,lr,Obese
1,2,lr,Pedigree_Age
1,3,rf,Glucose
1,3,rf,BMI
1,3,rf,DiabetesPedigreeFunction
1,3,rf,Glucose_BMI
1,3,rf,Glucose_Age
1,3,rf,HOMA_IR_surrogate
1,3,rf,BMI_Age
1,3,rf,Pedigree_Age
1,3,lr,Pregnancies
1,3,lr,Glucose
1,3,lr,DiabetesPedigreeFunction
1,3,lr,Age
1,3,lr,Glucose_BMI
1,3,lr,Glucose_Age
1,3,lr,BMI_Age
1,3,lr,Obese
1,3,lr,Pedigree_Age
1,4,rf,Pregnancies
1,4,rf,Glucose
1,4,rf,BloodPressure
1,4,rf,SkinThickness
1,4,rf,Insulin
1,4,rf,BMI
1,4,rf,DiabetesPedigreeFunction
1,4,rf,Age
1,4,rf,Glucose_BMI
1,4,rf,Glucose_Age
1,4,rf,HOMA_IR_surrogate
1,4,rf,Insulin_Glucose_Ratio
1,4,rf,BMI_Age
1,4,rf,Hyperglycemic
1,4,rf,Pedigree_Age
1,4,lr,Pregnancies
1,4,lr,Glucose
1,4,lr,Insulin
1,4,lr,BMI
1,4,lr,DiabetesPedigreeFunction
1,4,lr,Age
1,4,lr,Glucose_BMI
1,4,lr,Insulin_Glucose_Ratio
1,4,lr,Pedigree_Age
1,5,rf,Pregnancies
1,5,rf,Glucose
1,5,rf,BloodPressure
1,5,rf,SkinThickness
1,5,rf,Insulin
1,5,rf,BMI
1,5,rf,DiabetesPedigreeFunction
1,5,rf,Age
1,5,rf,Glucose_BMI
1,5,rf,Glucose_Age
1,5,rf,HOMA_IR_surrogate
1,5,rf,Insulin_Glucose_Ratio
1,5,rf,BMI_Age
1,5,rf,Hyperglycemic
1,5,rf,Pedigree_Age
1,5,lr,Pregnancies
1,5,lr,Glucose
1,5,lr,BMI
1,5,lr,DiabetesPedigreeFunction
1,5,lr,Age
1,5,lr,Glucose_BMI
1,5,lr,Glucose_Age
1,5,lr,HOMA_IR_surrogate
1,5,lr,Insulin_Glucose_Ratio
1,5,lr,Obese
1,5,lr,Hyperglycemic
1,5,lr,Pedigree_Age
1,6,rf,Pregnancies
1,6,rf,Glucose
1,6,rf,BloodPressure
1,6,rf,SkinThickness
1,6,rf,Insulin
1,6,rf,BMI
1,6,rf,DiabetesPedigreeFunction
1,6,rf,Age
1,6,rf,Glucose_BMI
1,6,rf,Glucose_Age
1,6,rf,HOMA_IR_surrogate
1,6,rf,Insulin_Glucose_Ratio
1,6,rf,BMI_Age
1,6,rf,Hyperglycemic
1,6,rf,Pedigree_Age
1,6,lr,Pregnancies
1,6,lr,Glucose
1,6,lr,BMI
1,6,lr,DiabetesPedigreeFunction
1,6,lr,Age
1,6,lr,Glucose_BMI
1,6,lr,Glucose_Age
1,6,lr,HOMA_IR_surrogate
1,6,lr,Insulin_Glucose_Ratio
1,6,lr,Obese
1,6,lr,Hyperglycemic
1,7,rf,Pregnancies
1,7,rf,Glucose
1,7,rf,BloodPressure
1,7,rf,SkinThickness
1,7,rf,Insulin
1,7,rf,BMI
1,7,rf,DiabetesPedigreeFunction
1,7,rf,Age
1,7,rf,Glucose_BMI
1,7,rf,Glucose_Age
1,7,rf,HOMA_IR_surrogate
1,7,rf,Insulin_Glucose_Ratio
1,7,rf,BMI_Age
1,7,rf,Pedigree_Age
1,7,lr,Pregnancies
1,7,lr,Glucose
1,7,lr,Insulin
1,7,lr,BMI
1,7,lr,DiabetesPedigreeFunction
1,7,lr,Age
1,7,lr,Glucose_BMI
1,7,lr,Glucose_Age
1,7,lr,HOMA_IR_surrogate
1,7,lr,Insulin_Glucose_Ratio
1,7,lr,Obese
1,8,rf,Glucose
1,8,rf,BMI
1,8,rf,DiabetesPedigreeFunction
1,8,rf,Glucose_BMI
1,8,rf,Glucose_Age
1,8,rf,HOMA_IR_surrogate
1,8,rf,BMI_Age
1,8,rf,Pedigree_Age
1,8,lr,Pregnancies
1,8,lr,Glucose
1,8,lr,BMI
1,8,lr,DiabetesPedigreeFunction
1,8,lr,Age
1,8,lr,Glucose_BMI
1,8,lr,Glucose_Age
1,8,lr,HOMA_IR_surrogate
1,8,lr,Insulin_Glucose_Ratio
1,8,lr,BMI_Age
1,8,lr,Obese
1,8,lr,Hyperglycemic
1,8,lr,Pedigree_Age
1,9,rf,Pregnancies
1,9,rf,Glucose
1,9,rf,BloodPressure
1,9,rf,SkinThickness
1,9,rf,Insulin
1,9,rf,BMI
1,9,rf,DiabetesPedigreeFunction
1,9,rf,Age
1,9,rf,Glucose_BMI
1,9,rf,Glucose_Age
1,9,rf,HOMA_IR_surrogate
1,9,rf,Insulin_Glucose_Ratio
1,9,rf,BMI_Age
1,9,rf,Pedigree_Age
1,9,lr,Pregnancies
1,9,lr,Glucose
1,9,lr,BMI
1,9,lr,DiabetesPedigreeFunction
1,9,lr,Age
1,9,lr,Glucose_BMI
1,9,lr,Glucose_Age
1,9,lr,HOMA_IR_surrogate
1,9,lr,Insulin_Glucose_Ratio
1,9,lr,Obese
1,9,lr,Pedigree_Age
1,10,rf,Glucose
1,10,rf,BMI
1,10,rf,DiabetesPedigreeFunction
1,10,rf,Glucose_BMI
1,10,rf,Glucose_Age
1,10,rf,HOMA_IR_surrogate
1,10,rf,BMI_Age
1,10,rf,Pedigree_Age
1,10,lr,Pregnancies
1,10,lr,Glucose
1,10,lr,BMI
1,10,lr,DiabetesPedigreeFunction
1,10,lr,Age
1,10,lr,Glucose_BMI
1,10,lr,Glucose_Age
1,10,lr,Obese
1,10,lr,Hyperglycemic
1,10,lr,Pedigree_Age
2,1,rf,Glucose
2,1,rf,BMI
2,1,rf,Glucose_BMI
2,1,rf,Glucose_Age
2,1,rf,HOMA_IR_surrogate
2,1,rf,BMI_Age
2,1,rf,Pedigree_Age
2,1,lr,Pregnancies
2,1,lr,Glucose
2,1,lr,BMI
2,1,lr,DiabetesPedigreeFunction
2,1,lr,Age
2,1,lr,Glucose_Age
2,1,lr,HOMA_IR_surrogate
2,1,lr,Insulin_Glucose_Ratio
2,1,lr,Obese
2,1,lr,Pedigree_Age
2,2,rf,Pregnancies
2,2,rf,Glucose
2,2,rf,BloodPressure
2,2,rf,BMI
2,2,rf,DiabetesPedigreeFunction
2,2,rf,Age
2,2,rf,Glucose_BMI
2,2,rf,Glucose_Age
2,2,rf,HOMA_IR_surrogate
2,2,rf,Insulin_Glucose_Ratio
2,2,rf,BMI_Age
2,2,rf,Pedigree_Age
2,2,lr,Pregnancies
2,2,lr,Glucose
2,2,lr,DiabetesPedigreeFunction
2,2,lr,Age
2,2,lr,Glucose_BMI
2,2,lr,Glucose_Age
2,2,lr,HOMA_IR_surrogate
2,2,lr,Insulin_Glucose_Ratio
2,2,lr,BMI_Age
2,2,lr,Obese
2,2,lr,Pedigree_Age
2,3,rf,Pregnancies
2,3,rf,Glucose
2,3,rf,BloodPressure
2,3,rf,SkinThickness
2,3,rf,BMI
2,3,rf,DiabetesPedigreeFunction
2,3,rf,Age
2,3,rf,Glucose_BMI
2,3,rf,Glucose_Age
2,3,rf,HOMA_IR_surrogate
2,3,rf,Insulin_Glucose_Ratio
2,3,rf,BMI_Age
2,3,rf,Hyperglycemic
2,3,rf,Pedigree_Age
2,3,lr,Pregnancies
2,3,lr,Glucose
2,3,lr,BMI
2,3,lr,DiabetesPedigreeFunction
2,3,lr,Age
2,3,lr,Glucose_Age
2,3,lr,BMI_Age
2,4,rf,Glucose
2,4,rf,BMI
2,4,rf,DiabetesPedigreeFunction
2,4,rf,Glucose_BMI
2,4,rf,Glucose_Age
2,4,rf,HOMA_IR_surrogate
2,4,rf,BMI_Age
2,4,rf,Pedigree_Age
2,4,lr,Pregnancies
2,4,lr,Glucose
2,4,lr,Insulin
2,4,lr,BMI
2,4,lr,DiabetesPedigreeFunction
2,4,lr,Age
2,4,lr,Glucose_BMI
2,4,lr,Glucose_Age
2,4,lr,Insulin_Glucose_Ratio
2,4,lr,BMI_Age
2,4,lr,Obese
2,5,rf,Glucose
2,5,rf,BMI
2,5,rf,DiabetesPedigreeFunction
2,5,rf,Glucose_BMI
2,5,rf,Glucose_Age
2,5,rf,HOMA_IR_surrogate
2,5,rf,BMI_Age
2,5,rf,Pedigree_Age
2,5,lr,Pregnancies
2,5,lr,Glucose
2,5,lr,BMI
2,5,lr,DiabetesPedigreeFunction
2,5,lr,Age
2,5,lr,Glucose_BMI
2,5,lr,Glucose_Age
2,6,rf,Pregnancies
2,6,rf,Glucose
2,6,rf,BloodPressure
2,6,rf,SkinThickness
2,6,rf,Insulin
2,6,rf,BMI
2,6,rf,DiabetesPedigreeFunction
2,6,rf,Age
2,6,rf,Glucose_BMI
2,6,rf,Glucose_Age
2,6,rf,HOMA_IR_surrogate
2,6,rf,Insulin_Glucose_Ratio
2,6,rf,BMI_Age
2,6,rf,Hyperglycemic
2,6,rf,Pedigree_Age
2,6,lr,Pregnancies
2,6,lr,Glucose
2,6,lr,BMI
2,6,lr,Age
2,6,lr,Glucose_Age
2,7,rf,Pregnancies
2,7,rf,Glucose
2,7,rf,BloodPressure
2,7,rf,SkinThickness
2,7,rf,BMI
2,7,rf,DiabetesPedigreeFunction
2,7,rf,Age
2,7,rf,Glucose_BMI
2,7,rf,Glucose_Age
2,7,rf,HOMA_IR_surrogate
2,7,rf,Insulin_Glucose_Ratio
2,7,rf,BMI_Age
2,7,rf,Hyperglycemic
2,7,rf,Pedigree_Age
2,7,lr,Pregnancies
2,7,lr,Glucose
2,7,lr,BMI
2,7,lr,DiabetesPedigreeFunction
2,7,lr,Age
2,7,lr,Glucose_BMI
2,7,lr,HOMA_IR_surrogate
2,7,lr,Insulin_Glucose_Ratio
2,7,lr,Obese
2,7,lr,Pedigree_Age
2,8,rf,Pregnancies
2,8,rf,Glucose
2,8,rf,BloodPressure
2,8,rf,SkinThickness
2,8,rf,Insulin
2,8,rf,BMI
2,8,rf,DiabetesPedigreeFunction
2,8,rf,Age
2,8,rf,Glucose_BMI
2,8,rf,Glucose_Age
2,8,rf,HOMA_IR_surrogate
2,8,rf,Insulin_Glucose_Ratio
2,8,rf,BMI_Age
2,8,rf,Hyperglycemic
2,8,rf,Pedigree_Age
2,8,lr,Pregnancies
2,8,lr,Glucose
2,8,lr,BMI
2,8,lr,DiabetesPedigreeFunction
2,8,lr,Age
2,8,lr,Glucose_BMI
2,8,lr,Glucose_Age
2,8,lr,HOMA_IR_surrogate
2,8,lr,Insulin_Glucose_Ratio
2,8,lr,Obese
2,9,rf,Glucose
2,9,rf,BMI
2,9,rf,DiabetesPedigreeFunction
2,9,rf,Glucose_BMI
2,9,rf,Glucose_Age
2,9,rf,HOMA_IR_surrogate
2,9,rf,BMI_Age
2,9,rf,Pedigree_Age
2,9,lr,Pregnancies
2,9,lr,Glucose
2,9,lr,BMI
2,9,lr,DiabetesPedigreeFunction
2,9,lr,Age
2,9,lr,Glucose_BMI
2,9,lr,Glucose_Age
2,9,lr,HOMA_IR_surrogate
2,9,lr,Insulin_Glucose_Ratio
2,9,lr,BMI_Age
2,9,lr,Obese
2,9,lr,Hyperglycemic
2,9,lr,Pedigree_Age
2,10,rf,Glucose
2,10,rf,BMI
2,10,rf,Glucose_BMI
2,10,rf,Glucose_Age
2,10,rf,HOMA_IR_surrogate
2,10,rf,BMI_Age
2,10,rf,Pedigree_Age
2,10,lr,Pregnancies
2,10,lr,Glucose
2,10,lr,BMI
2,10,lr,DiabetesPedigreeFunction
2,10,lr,Age
2,10,lr,Glucose_BMI
2,10,lr,Glucose_Age
2,10,lr,HOMA_IR_surrogate
2,10,lr,Insulin_Glucose_Ratio
2,10,lr,Obese
2,10,lr,Hyperglycemic
2,10,lr,Pedigree_Age
3,1,rf,Pregnancies
3,1,rf,Glucose
3,1,rf,BloodPressure
3,1,rf,SkinThickness
3,1,rf,Insulin
3,1,rf,BMI
3,1,rf,DiabetesPedigreeFunction
3,1,rf,Age
3,1,rf,Glucose_BMI
3,1,rf,Glucose_Age
3,1,rf,HOMA_IR_surrogate
3,1,rf,Insulin_Glucose_Ratio
3,1,rf,BMI_Age
3,1,rf,Hyperglycemic
3,1,rf,Pedigree_Age
3,1,lr,Pregnancies
3,1,lr,Glucose
3,1,lr,BMI
3,1,lr,DiabetesPedigreeFunction
3,1,lr,Age
3,1,lr,Glucose_Age
3,1,lr,HOMA_IR_surrogate
3,1,lr,Insulin_Glucose_Ratio
3,1,lr,BMI_Age
3,2,rf,Pregnancies
3,2,rf,Glucose
3,2,rf,BloodPressure
3,2,rf,SkinThickness
3,2,rf,Insulin
3,2,rf,BMI
3,2,rf,DiabetesPedigreeFunction
3,2,rf,Age
3,2,rf,Glucose_BMI
3,2,rf,Glucose_Age
3,2,rf,HOMA_IR_surrogate
3,2,rf,Insulin_Glucose_Ratio
3,2,rf,BMI_Age
3,2,rf,Pedigree_Age
3,2,lr,Pregnancies
3,2,lr,Glucose
3,2,lr,Insulin
3,2,lr,DiabetesPedigreeFunction
3,2,lr,Age
3,2,lr,Glucose_BMI
3,2,lr,Glucose_Age
3,2,lr,HOMA_IR_surrogate
3,2,lr,Insulin_Glucose_Ratio
3,2,lr,BMI_Age
3,2,lr,Obese
3,2,lr,Hyperglycemic
3,2,lr,Pedigree_Age
3,3,rf,Glucose
3,3,rf,BMI
3,3,rf,DiabetesPedigreeFunction
3,3,rf,Glucose_BMI
3,3,rf,Glucose_Age
3,3,rf,HOMA_IR_surrogate
3,3,rf,BMI_Age
3,3,rf,Pedigree_Age
3,3,lr,Pregnancies
3,3,lr,Glucose
3,3,lr,Insulin
3,3,lr,BMI
3,3,lr,DiabetesPedigreeFunction
3,3,lr,Age
3,3,lr,Glucose_BMI
3,3,lr,Glucose_Age
3,3,lr,HOMA_IR_surrogate
3,3,lr,Insulin_Glucose_Ratio
3,3,lr,Obese
3,3,lr,Pedigree_Age
3,4,rf,Pregnancies
3,4,rf,Glucose
3,4,rf,BloodPressure
3,4,rf,SkinThickness
3,4,rf,Insulin
3,4,rf,BMI
3,4,rf,DiabetesPedigreeFunction
3,4,rf,Age
3,4,rf,Glucose_BMI
3,4,rf,Glucose_Age
3,4,rf,HOMA_IR_surrogate
3,4,rf,Insulin_Glucose_Ratio
3,4,rf,BMI_Age
3,4,rf,Pedigree_Age
3,4,lr,Pregnancies
3,4,lr,Glucose
3,4,lr,BMI
3,4,lr,DiabetesPedigreeFunction
3,4,lr,HOMA_IR_surrogate
3,4,lr,Insulin_Glucose_Ratio
3,4,lr,Pedigree_Age
3,5,rf,Pregnancies
3,5,rf,Glucose
3,5,rf,BloodPressure
3,5,rf,SkinThickness
3,5,rf,BMI
3,5,rf,DiabetesPedigreeFunction
3,5,rf,Age
3,5,rf,Glucose_BMI
3,5,rf,Glucose_Age
3,5,rf,HOMA_IR_surrogate
3,5,rf,Insulin_Glucose_Ratio
3,5,rf,BMI_Age
3,5,rf,Hyperglycemic
3,5,rf,Pedigree_Age
3,5,lr,Pregnancies
3,5,lr,Glucose
3,5,lr,BMI
3,5,lr,DiabetesPedigreeFunction
3,5,lr,Age
3,5,lr,Glucose_Age
3,5,lr,HOMA_IR_surrogate
3,5,lr,Insulin_Glucose_Ratio
3,5,lr,Obese
3,5,lr,Pedigree_Age
3,6,rf,Glucose
3,6,rf,BloodPressure
3,6,rf,BMI
3,6,rf,DiabetesPedigreeFunction
3,6,rf,Age
3,6,rf,Glucose_BMI
3,6,rf,Glucose_Age
3,6,rf,HOMA_IR_surrogate
3,6,rf,Insulin_Glucose_Ratio
3,6,rf,BMI_Age
3,6,rf,Pedigree_Age
3,6,lr,Pregnancies
3,6,lr,Glucose
3,6,lr,BMI
3,6,lr,DiabetesPedigreeFunction
3,6,lr,Age
3,6,lr,Glucose_Age
3,6,lr,BMI_Age
3,6,lr,Obese
3,6,lr,Pedigree_Age
3,7,rf,Pregnancies
3,7,rf,Glucose
3,7,rf,BloodPressure
3,7,rf,SkinThickness
3,7,rf,BMI
3,7,rf,DiabetesPedigreeFunction
3,7,rf,Age
3,7,rf,Glucose_BMI
3,7,rf,Glucose_Age
3,7,rf,HOMA_IR_surrogate
3,7,rf,Insulin_Glucose_Ratio
3,7,rf,BMI_Age
3,7,rf,Pedigree_Age
3,7,lr,Pregnancies
3,7,lr,Glucose
3,7,lr,Insulin
3,7,lr,BMI
3,7,lr,DiabetesPedigreeFunction
3,7,lr,Age
3,7,lr,Glucose_BMI
3,7,lr,Glucose_Age
3,7,lr,HOMA_IR_surrogate
3,7,lr,Insulin_Glucose_Ratio
3,7,lr,Obese
3,8,rf,Glucose
3,8,rf,BloodPressure
3,8,rf,BMI
3,8,rf,DiabetesPedigreeFunction
3,8,rf,Age
3,8,rf,Glucose_BMI
3,8,rf,Glucose_Age
3,8,rf,HOMA_IR_surrogate
3,8,rf,Insulin_Glucose_Ratio
3,8,rf,BMI_Age
3,8,rf,Pedigree_Age
3,8,lr,Pregnancies
3,8,lr,Glucose
3,8,lr,BMI
3,8,lr,DiabetesPedigreeFunction
3,8,lr,Age
3,8,lr,Glucose_BMI
3,8,lr,Glucose_Age
3,8,lr,HOMA_IR_surrogate
3,8,lr,Insulin_Glucose_Ratio
3,8,lr,BMI_Age
3,8,lr,Obese
3,8,lr,Pedigree_Age
3,9,rf,Glucose
3,9,rf,BMI
3,9,rf,DiabetesPedigreeFunction
3,9,rf,Glucose_BMI
3,9,rf,Glucose_Age
3,9,rf,HOMA_IR_surrogate
3,9,rf,BMI_Age
3,9,rf,Pedigree_Age
3,9,lr,Pregnancies
3,9,lr,Glucose
3,9,lr,BMI
3,9,lr,DiabetesPedigreeFunction
3,9,lr,Age
3,9,lr,Glucose_BMI
3,9,lr,HOMA_IR_surrogate
3,9,lr,Insulin_Glucose_Ratio
3,9,lr,Obese
3,9,lr,Pedigree_Age
3,10,rf,Glucose
3,10,rf,BloodPressure
3,10,rf,SkinThickness
3,10,rf,BMI
3,10,rf,DiabetesPedigreeFunction
3,10,rf,Age
3,10,rf,Glucose_BMI
3,10,rf,Glucose_Age
3,10,rf,HOMA_IR_surrogate
3,10,rf,Insulin_Glucose_Ratio
3,10,rf,BMI_Age
3,10,rf,Pedigree_Age
3,10,lr,Pregnancies
3,10,lr,Glucose
3,10,lr,BMI
3,10,lr,DiabetesPedigreeFunction
3,10,lr,Age
3,10,lr,Glucose_BMI
3,10,lr,Glucose_Age
3,10,lr,Pedigree_Age
4,1,rf,Glucose
4,1,rf,BMI
4,1,rf,DiabetesPedigreeFunction
4,1,rf,Glucose_BMI
4,1,rf,Glucose_Age
4,1,rf,HOMA_IR_surrogate
4,1,rf,BMI_Age
4,1,rf,Pedigree_Age
4,1,lr,Pregnancies
4,1,lr,Glucose
4,1,lr,BMI
4,1,lr,DiabetesPedigreeFunction
4,1,lr,Age
4,1,lr,HOMA_IR_surrogate
4,1,lr,Insulin_Glucose_Ratio
4,1,lr,Pedigree_Age
4,2,rf,Pregnancies
4,2,rf,Glucose
4,2,rf,BloodPressure
4,2,rf,SkinThickness
4,2,rf,Insulin
4,2,rf,BMI
4,2,rf,DiabetesPedigreeFunction
4,2,rf,Age
4,2,rf,Glucose_BMI
4,2,rf,Glucose_Age
4,2,rf,HOMA_IR_surrogate
4,2,rf,Insulin_Glucose_Ratio
4,2,rf,BMI_Age
4,2,rf,Hyperglycemic
4,2,rf,Pedigree_Age
4,2,lr,Pregnancies
4,2,lr,Glucose
4,2,lr,DiabetesPedigreeFunction
4,2,lr,Age
4,2,lr,Glucose_BMI
4,2,lr,Glucose_Age
4,2,lr,HOMA_IR_surrogate
4,2,lr,Insulin_Glucose_Ratio
4,2,lr,Obese
4,2,lr,Pedigree_Age
4,3,rf,Glucose
4,3,rf,BMI
4,3,rf,Glucose_BMI
4,3,rf,Glucose_Age
4,3,rf,HOMA_IR_surrogate
4,3,rf,BMI_Age
4,3,rf,Pedigree_Age
4,3,lr,Pregnancies
4,3,lr,Glucose
4,3,lr,BMI
4,3,lr,DiabetesPedigreeFunction
4,3,lr,Age
4,3,lr,Glucose_BMI
4,3,lr,Glucose_Age
4,3,lr,HOMA_IR_surrogate
4,3,lr,Insulin_Glucose_Ratio
4,3,lr,BMI_Age
4,3,lr,Obese
4,3,lr,Pedigree_Age
4,4,rf,Pregnancies
4,4,rf,Glucose
4,4,rf,BloodPressure
4,4,rf,SkinThickness
4,4,rf,Insulin
4,4,rf,BMI
4,4,rf,DiabetesPedigreeFunction
4,4,rf,Age
4,4,rf,Glucose_BMI
4,4,rf,Glucose_Age
4,4,rf,HOMA_IR_surrogate
4,4,rf,Insulin_Glucose_Ratio
4,4,rf,BMI_Age
4,4,rf,Hyperglycemic
4,4,rf,Pedigree_Age
4,4,lr,Pregnancies
4,4,lr,Glucose
4,4,lr,DiabetesPedigreeFunction
4,4,lr,Age
4,4,lr,Glucose_BMI
4,4,lr,Glucose_Age
4,4,lr,HOMA_IR_surrogate
4,4,lr,Insulin_Glucose_Ratio
4,4,lr,BMI_Age
4,4,lr,Obese
4,4,lr,Hyperglycemic
4,5,rf,Pregnancies
4,5,rf,Glucose
4,5,rf,BloodPressure
4,5,rf,SkinThickness
4,5,rf,Insulin
4,5,rf,BMI
4,5,rf,DiabetesPedigreeFunction
4,5,rf,Age
4,5,rf,Glucose_BMI
4,5,rf,Glucose_Age
4,5,rf,HOMA_IR_surrogate
4,5,rf,Insulin_Glucose_Ratio
4,5,rf,BMI_Age
4,5,rf,Hyperglycemic
4,5,rf,Pedigree_Age
4,5,lr,Pregnancies
4,5,lr,Glucose
4,5,lr,Insulin
4,5,lr,BMI
4,5,lr,DiabetesPedigreeFunction
4,5,lr,Age
4,5,lr,Glucose_BMI
4,5,lr,Glucose_Age
4,5,lr,HOMA_IR_surrogate
4,5,lr,Insulin_Glucose_Ratio
4,5,lr,Obese
4,5,lr,Pedigree_Age
4,6,rf,Pregnancies
4,6,rf,Glucose
4,6,rf,BloodPressure
4,6,rf,SkinThickness
4,6,rf,Insulin
4,6,rf,BMI
4,6,rf,DiabetesPedigreeFunction
4,6,rf,Age
4,6,rf,Glucose_BMI
4,6,rf,Glucose_Age
4,6,rf,HOMA_IR_surrogate
4,6,rf,Insulin_Glucose_Ratio
4,6,rf,BMI_Age
4,6,rf,Pedigree_Age
4,6,lr,Pregnancies
4,6,lr,Glucose
4,6,lr,BloodPressure
4,6,lr,BMI
4,6,lr,DiabetesPedigreeFunction
4,6,lr,Age
4,6,lr,Glucose_BMI
4,6,lr,Glucose_Age
4,6,lr,HOMA_IR_surrogate
4,6,lr,Insulin_Glucose_Ratio
4,6,lr,BMI_Age
4,6,lr,Obese
4,6,lr,Pedigree_Age
4,7,rf,Pregnancies
4,7,rf,Glucose
4,7,rf,BloodPressure
4,7,rf,Insulin
4,7,rf,BMI
4,7,rf,DiabetesPedigreeFunction
4,7,rf,Age
4,7,rf,Glucose_BMI
4,7,rf,Glucose_Age
4,7,rf,HOMA_IR_surrogate
4,7,rf,Insulin_Glucose_Ratio
4,7,rf,BMI_Age
4,7,rf,Hyperglycemic
4,7,rf,Pedigree_Age
4,7,lr,Glucose
4,7,lr,Glucose_BMI
4,7,lr,BMI_Age
4,8,rf,Pregnancies
4,8,rf,Glucose
4,8,rf,BloodPressure
4,8,rf,SkinThickness
4,8,rf,Insulin
4,8,rf,BMI
4,8,rf,DiabetesPedigreeFunction
4,8,rf,Age
4,8,rf,Glucose_BMI
4,8,rf,Glucose_Age
4,8,rf,HOMA_IR_surrogate
4,8,rf,Insulin_Glucose_Ratio
4,8,rf,BMI_Age
4,8,rf,Pedigree_Age
4,8,lr,Pregnancies
4,8,lr,Glucose
4,8,lr,Insulin
4,8,lr,BMI
4,8,lr,DiabetesPedigreeFunction
4,8,lr,Age
4,8,lr,Glucose_BMI
4,8,lr,Glucose_Age
4,8,lr,HOMA_IR_surrogate
4,8,lr,Insulin_Glucose_Ratio
4,8,lr,Obese
4,8,lr,Hyperglycemic
4,9,rf,Glucose
4,9,rf,BMI
4,9,rf,DiabetesPedigreeFunction
4,9,rf,Glucose_BMI
4,9,rf,Glucose_Age
4,9,rf,HOMA_IR_surrogate
4,9,rf,BMI_Age
4,9,rf,Pedigree_Age
4,9,lr,Pregnancies
4,9,lr,Glucose
4,9,lr,Insulin
4,9,lr,BMI
4,9,lr,DiabetesPedigreeFunction
4,9,lr,Age
4,9,lr,Glucose_BMI
4,9,lr,Glucose_Age
4,9,lr,HOMA_IR_surrogate
4,9,lr,Insulin_Glucose_Ratio
4,9,lr,BMI_Age
4,9,lr,Obese
4,9,lr,Hyperglycemic
4,9,lr,Pedigree_Age
4,10,rf,Pregnancies
4,10,rf,Glucose
4,10,rf,BloodPressure
4,10,rf,SkinThickness
4,10,rf,Insulin
4,10,rf,BMI
4,10,rf,DiabetesPedigreeFunction
4,10,rf,Age
4,10,rf,Glucose_BMI
4,10,rf,Glucose_Age
4,10,rf,HOMA_IR_surrogate
4,10,rf,Insulin_Glucose_Ratio
4,10,rf,BMI_Age
4,10,rf,Obese
4,10,rf,Hyperglycemic
4,10,rf,Pedigree_Age
4,10,lr,Pregnancies
4,10,lr,Glucose
4,10,lr,DiabetesPedigreeFunction
4,10,lr,Age
4,10,lr,Glucose_BMI
4,10,lr,Glucose_Age
4,10,lr,Insulin_Glucose_Ratio
4,10,lr,BMI_Age
4,10,lr,Pedigree_Age
5,1,rf,Glucose
5,1,rf,BMI
5,1,rf,DiabetesPedigreeFunction
5,1,rf,Glucose_BMI
5,1,rf,Glucose_Age
5,1,rf,HOMA_IR_surrogate
5,1,rf,BMI_Age
5,1,rf,Pedigree_Age
5,1,lr,Pregnancies
5,1,lr,Glucose
5,1,lr,BMI
5,1,lr,DiabetesPedigreeFunction
5,1,lr,Age
5,1,lr,Glucose_BMI
5,1,lr,Glucose_Age
5,1,lr,HOMA_IR_surrogate
5,1,lr,Insulin_Glucose_Ratio
5,1,lr,Obese
5,1,lr,Pedigree_Age
5,2,rf,Pregnancies
5,2,rf,Glucose
5,2,rf,BloodPressure
5,2,rf,SkinThickness
5,2,rf,Insulin
5,2,rf,BMI
5,2,rf,DiabetesPedigreeFunction
5,2,rf,Age
5,2,rf,Glucose_BMI
5,2,rf,Glucose_Age
5,2,rf,HOMA_IR_surrogate
5,2,rf,Insulin_Glucose_Ratio
5,2,rf,BMI_Age
5,2,rf,Obese
5,2,rf,Hyperglycemic
5,2,rf,Pedigree_Age
5,2,lr,Glucose
5,2,lr,BMI
5,2,lr,Age
5,2,lr,Glucose_Age
5,3,rf,Glucose
5,3,rf,BloodPressure
5,3,rf,Insulin
5,3,rf,BMI
5,3,rf,DiabetesPedigreeFunction
5,3,rf,Age
5,3,rf,Glucose_BMI
5,3,rf,Glucose_Age
5,3,rf,HOMA_IR_surrogate
5,3,rf,Insulin_Glucose_Ratio
5,3,rf,BMI_Age
5,3,rf,Pedigree_Age
5,3,lr,Pregnancies
5,3,lr,Glucose
5,3,lr,Insulin
5,3,lr,BMI
5,3,lr,DiabetesPedigreeFunction
5,3,lr,Age
5,3,lr,Glucose_BMI
5,3,lr,Glucose_Age
5,3,lr,HOMA_IR_surrogate
5,3,lr,Insulin_Glucose_Ratio
5,3,lr,BMI_Age
5,3,lr,Obese
5,3,lr,Hyperglycemic
5,3,lr,Pedigree_Age
5,4,rf,Glucose
5,4,rf,BloodPressure
5,4,rf,BMI
5,4,rf,DiabetesPedigreeFunction
5,4,rf,Age
5,4,rf,Glucose_BMI
5,4,rf,Glucose_Age
5,4,rf,HOMA_IR_surrogate
5,4,rf,Insulin_Glucose_Ratio
5,4,rf,BMI_Age
5,4,rf,Pedigree_Age
5,4,lr,Pregnancies
5,4,lr,Glucose
5,4,lr,Insulin
5,4,lr,BMI
5,4,lr,DiabetesPedigreeFunction
5,4,lr,Age
5,4,lr,Glucose_BMI
5,4,lr,Glucose_Age
5,4,lr,HOMA_IR_surrogate
5,4,lr,Insulin_Glucose_Ratio
5,4,lr,Obese
5,4,lr,Hyperglycemic
5,4,lr,Pedigree_Age
5,5,rf,Pregnancies
5,5,rf,Glucose
5,5,rf,BloodPressure
5,5,rf,SkinThickness
5,5,rf,Insulin
5,5,rf,BMI
5,5,rf,DiabetesPedigreeFunction
5,5,rf,Age
5,5,rf,Glucose_BMI
5,5,rf,Glucose_Age
5,5,rf,HOMA_IR_surrogate
5,5,rf,Insulin_Glucose_Ratio
5,5,rf,BMI_Age
5,5,rf,Hyperglycemic
5,5,rf,Pedigree_Age
5,5,lr,Glucose
5,5,lr,BMI
5,5,lr,Age
5,6,rf,Pregnancies
5,6,rf,Glucose
5,6,rf,BloodPressure
5,6,rf,SkinThickness
5,6,rf,BMI
5,6,rf,DiabetesPedigreeFunction
5,6,rf,Age
5,6,rf,Glucose_BMI
5,6,rf,Glucose_Age
5,6,rf,HOMA_IR_surrogate
5,6,rf,Insulin_Glucose_Ratio
5,6,rf,BMI_Age
5,6,rf,Pedigree_Age
5,6,lr,Pregnancies
5,6,lr,Glucose
5,6,lr,DiabetesPedigreeFunction
5,6,lr,Glucose_BMI
5,6,lr,HOMA_IR_surrogate
5,6,lr,Insulin_Glucose_Ratio
5,6,lr,BMI_Age
5,6,lr,Obese
5,6,lr,Pedigree_Age
5,7,rf,Pregnancies
5,7,rf,Glucose
5,7,rf,BloodPressure
5,7,rf,SkinThickness
5,7,rf,Insulin
5,7,rf,BMI
5,7,rf,DiabetesPedigreeFunction
5,7,rf,Age
5,7,rf,Glucose_BMI
5,7,rf,Glucose_Age
5,7,rf,HOMA_IR_surrogate
5,7,rf,Insulin_Glucose_Ratio
5,7,rf,BMI_Age
5,7,rf,Obese
5,7,rf,Hyperglycemic
5,7,rf,Pedigree_Age
5,7,lr,Pregnancies
5,7,lr,Glucose
5,7,lr,BMI
5,7,lr,DiabetesPedigreeFunction
5,7,lr,Age
5,7,lr,Glucose_BMI
5,7,lr,Glucose_Age
5,7,lr,HOMA_IR_surrogate
5,7,lr,Insulin_Glucose_Ratio
5,7,lr,Obese
5,8,rf,Pregnancies
5,8,rf,Glucose
5,8,rf,BloodPressure
5,8,rf,SkinThickness
5,8,rf,Insulin
5,8,rf,BMI
5,8,rf,DiabetesPedigreeFunction
5,8,rf,Age
5,8,rf,Glucose_BMI
5,8,rf,Glucose_Age
5,8,rf,HOMA_IR_surrogate
5,8,rf,Insulin_Glucose_Ratio
5,8,rf,BMI_Age
5,8,rf,Hyperglycemic
5,8,rf,Pedigree_Age
5,8,lr,Pregnancies
5,8,lr,Glucose
5,8,lr,Insulin
5,8,lr,DiabetesPedigreeFunction
5,8,lr,Age
5,8,lr,Glucose_BMI
5,8,lr,Glucose_Age
5,8,lr,Insulin_Glucose_Ratio
5,8,lr,BMI_Age
5,8,lr,Obese
5,8,lr,Hyperglycemic
5,8,lr,Pedigree_Age
5,9,rf,Pregnancies
5,9,rf,Glucose
5,9,rf,BloodPressure
5,9,rf,SkinThickness
5,9,rf,BMI
5,9,rf,DiabetesPedigreeFunction
5,9,rf,Age
5,9,rf,Glucose_BMI
5,9,rf,Glucose_Age
5,9,rf,HOMA_IR_surrogate
5,9,rf,Insulin_Glucose_Ratio
5,9,rf,BMI_Age
5,9,rf,Hyperglycemic
5,9,rf,Pedigree_Age
5,9,lr,Pregnancies
5,9,lr,Glucose
5,9,lr,BMI
5,9,lr,DiabetesPedigreeFunction
5,9,lr,Age
5,9,lr,Glucose_Age
5,9,lr,HOMA_IR_surrogate
5,9,lr,Insulin_Glucose_Ratio
5,9,lr,Obese
5,10,rf,Glucose
5,10,rf,BMI
5,10,rf,DiabetesPedigreeFunction
5,10,rf,Glucose_BMI
5,10,rf,Glucose_Age
5,10,rf,HOMA_IR_surrogate
5,10,rf,BMI_Age
5,10,rf,Pedigree_Age
5,10,lr,Pregnancies
5,10,lr,Glucose
5,10,lr,Insulin
5,10,lr,BMI
5,10,lr,DiabetesPedigreeFunction
5,10,lr,Age
5,10,lr,Glucose_BMI
5,10,lr,Glucose_Age
5,10,lr,HOMA_IR_surrogate
5,10,lr,Insulin_Glucose_Ratio
5,10,lr,Obese
