model,rfecv,n_features,accuracy_mean,accuracy_lo,accuracy_hi,balanced_accuracy_mean,balanced_accuracy_lo,balanced_accuracy_hi,precision_mean,precision_lo,precision_hi,recall_mean,recall_lo,recall_hi,specificity_mean,specificity_lo,specificity_hi,f1_mean,f1_lo,f1_hi,mcc_mean,mcc_lo,mcc_hi,roc_auc_mean,roc_auc_lo,roc_auc_hi,brier_mean,brier_lo,brier_hi,roc_auc_diff_vs_lr,roc_auc_p_vs_lr,mcc_diff_vs_lr,mcc_p_vs_lr,roc_auc_p_holm,mcc_p_holm
stacking,False,16.0,0.7589846641988366,0.7187565151177873,0.7992128132798859,0.7597987012987012,0.7222763984654282,0.7973210041319742,0.6345526595235199,0.5785215934800764,0.6905837255669635,0.7625974025974025,0.709931417101046,0.815263388093759,0.757,0.7002970104564654,0.8137029895435346,0.689417110578779,0.6464830849116601,0.7323511362458979,0.5052158400970401,0.43063206266504556,0.5797996175290347,0.8457424242424242,0.8115924525247626,0.8798923959600857,0.16375242270321688,0.14426196184691925,0.1832428835595145,0.0035346320346320414,0.585910005969632,-0.002131885017332962,0.9186377997180009,1.0,1.0
stacking,True,12.02,0.7557218402961398,0.714068976345036,0.7973747042472435,0.7551450216450215,0.7153753186270934,0.7949147246629497,0.6312592937155823,0.5743580045629282,0.6881605828682364,0.7532900432900432,0.6966045923507392,0.8099754942293472,0.7569999999999999,0.7000593008976778,0.813940699102322,0.6836956441676718,0.6375775046525539,0.7298137836827897,0.4966039598017303,0.41792435910533976,0.5752835604981208,0.8432478354978354,0.8086907685959689,0.877804902399702,0.16464508116595644,0.14431560177377023,0.18497456055814265,0.0010400432900432887,0.8899657783929257,-0.010743765312642664,0.6505969973803019,1.0,1.0
lr,False,16.0,0.7638709677419355,0.7271231665787966,0.8006187689050744,0.7592846320346321,0.7245458556283908,0.7940234084408735,0.6460950504305054,0.5918151967610119,0.7003749040999989,0.7440692640692639,0.6898617640758352,0.7982767640626925,0.7745000000000001,0.7209264735896748,0.8280735264103254,0.6879941547883903,0.6473083265793891,0.7286799829973916,0.5073477251143729,0.4382882253064193,0.5764072249223264,0.8422077922077922,0.8091690732450009,0.8752465111705835,0.1634159245606183,0.14411513913782445,0.18271670998341213,0.0,1.0,0.0,1.0,,
lr,True,12.02,0.7596139608672661,0.7208722398251074,0.7983556819094247,0.7497132034632034,0.7133399158716709,0.7860864910547358,0.6467683706293152,0.5878205046223269,0.7057162366363036,0.716926406926407,0.6635871851556691,0.7702656286971449,0.7825,0.7270970446432696,0.8379029553567303,0.6763468596339943,0.6331210037217905,0.7195727155461982,0.49203776489908185,0.41841955594090585,0.5656559738572579,0.8421872294372293,0.810887820984734,0.8734866378897247,0.16317594171728866,0.14475160017251068,0.18160028326206665,-2.056277056276645e-05,0.9968191759576503,-0.015309960215291109,0.447696965648533,1.0,1.0
lr_own_rfecv,True,10.06,0.7602855631940773,0.7248988790294907,0.7956722473586638,0.7535411255411256,0.7174770393127242,0.789605211769527,0.6412747623179318,0.5909772518412433,0.6915722727946203,0.731082251082251,0.6707119323239342,0.7914525698405678,0.7759999999999999,0.7276658790790257,0.8243341209209741,0.6800882430774493,0.6365523637671058,0.7236241223877928,0.49639359137628525,0.4258880858411697,0.5668990969114008,0.8401645021645022,0.8075480546570472,0.8727809496719573,0.16370777382918533,0.1448188833345274,0.18259666432384328,-0.0020432900432900514,0.48712501735051633,-0.0109541337380878,0.5485321379669543,1.0,1.0
svm,False,16.0,0.775251189846642,0.7350208293787602,0.8154815503145237,0.7473906926406927,0.70510089916164,0.7896804861197454,0.6952066883379104,0.6236830492422694,0.7667303274335515,0.6552813852813851,0.5871311740502372,0.7234315965125331,0.8395,0.7899065828207463,0.8890934171792537,0.6698333978790124,0.613631251758318,0.7260355439997068,0.5048051222931876,0.4184818504483354,0.5911283941380399,0.839784632034632,0.8017708849195772,0.877798379149687,0.15644826058811914,0.13786347183506178,0.1750330493411765,-0.0024231601731601795,0.7962419182538208,-0.0025426028211854037,0.9369663829130532,1.0,1.0
svm,True,12.02,0.7647805393971444,0.7220027596334652,0.8075583191608237,0.7364935064935066,0.6930345714124503,0.779952441574563,0.6798124557951413,0.6049980202787405,0.754626891311542,0.642987012987013,0.5776992409511312,0.7082747850228948,0.8299999999999998,0.7759858107772086,0.8840141892227911,0.6561049084934318,0.5990985845799836,0.7131112324068801,0.4825544285126746,0.3927954047747916,0.5723134522505576,0.8365844155844157,0.80019994151542,0.8729688896534114,0.1578631588600933,0.14010620024651718,0.17562011747366943,-0.005623376623376626,0.5773514069048062,-0.024793296601698343,0.4954879979895048,1.0,1.0
et,True,12.02,0.7534584875727128,0.7129789959258673,0.7939379792195583,0.7393636363636363,0.6984034272075409,0.7803238455197318,0.6420838394915329,0.5809296553924097,0.7032380235906561,0.6927272727272726,0.6265112931597286,0.7589432522948166,0.7859999999999999,0.7318409668824677,0.8401590331175322,0.6621299462309479,0.6124708883907841,0.7117890040711117,0.47421205777175424,0.39282931995907644,0.555594795584432,0.835081168831169,0.7981135566971067,0.8720487809652313,0.1607229605390297,0.14211815242793646,0.17932776865012295,-0.00712662337662336,0.42884462932416306,-0.03313566734261875,0.24404364108638532,1.0,1.0
et,False,16.0,0.7527763088313063,0.7074687469692357,0.7980838706933769,0.734900432900433,0.6895210476604517,0.7802798181404144,0.6468331580021411,0.5763752975160146,0.7172910184882677,0.6758008658008658,0.6085385876045339,0.7430631439971978,0.7939999999999999,0.7361742568335841,0.8518257431664158,0.6564817728307899,0.6008275416609199,0.7121360040006599,0.4686972881698314,0.3769467429728904,0.5604478333667724,0.834672077922078,0.7950704588664331,0.8742736969777228,0.1601147819438342,0.13962705897714733,0.18060250491052104,-0.007535714285714281,0.4484856150176788,-0.038650436944541594,0.24098010600557315,1.0,1.0
nb,True,12.02,0.7621681649920677,0.7248471128029662,0.7994892171811693,0.7300032467532467,0.6923124828748269,0.7676940106316664,0.6818640917188433,0.607433155956514,0.7562950274811726,0.6235064935064936,0.5642655298478122,0.6827474571651749,0.8364999999999999,0.7871632622897122,0.8858367377102876,0.6464946546879172,0.5951302995654941,0.6978590098103403,0.47345229399628963,0.3926189077718325,0.5542856802207468,0.8321704545454547,0.7972437908792781,0.8670971182116313,0.20487209720793284,0.1744972687331706,0.2352469256826951,-0.010037337662337647,0.26304846282151084,-0.033895431118083366,0.3763455730757717,1.0,1.0
rf,False,16.0,0.7560708619777895,0.71008748986096,0.802054234094619,0.7458008658008659,0.6982518318403129,0.7933498997614189,0.6409916495630119,0.5753443703563395,0.7066389287696844,0.7116017316017316,0.6385671887696095,0.7846362744338536,0.78,0.7237802494030927,0.8362197505969073,0.6705056912962685,0.6125244605232826,0.7284869220692544,0.4840676885727592,0.39031990404600236,0.5778154730995161,0.8312911255411255,0.7948845818960159,0.8676976691862351,0.1639316540088158,0.14359068134948744,0.18427262666814415,-0.010916666666666675,0.26882101670220443,-0.023280036541613786,0.4869073061190312,1.0,1.0
rf,True,12.02,0.7593442622950819,0.7149112799627801,0.8037772446273836,0.749819264069264,0.7052484561414384,0.7943900719970897,0.6454870282857861,0.5803977400160328,0.7105763165555393,0.7181385281385282,0.6515396001396988,0.7847374561373576,0.7814999999999999,0.7247053744906906,0.8382946255093091,0.6760368339904075,0.6217991105867867,0.7302745573940282,0.49186503994681563,0.4029540816767908,0.5807759982168405,0.8312456709956709,0.7969602294414025,0.8655311125499393,0.16420548426222525,0.14479926816152466,0.18361170036292584,-0.010962121212121211,0.26154645536479515,-0.015482685167557391,0.6355636494108683,1.0,1.0
gb,False,16.0,0.7462929666842939,0.7088171406469244,0.7837687927216634,0.7111309523809524,0.6701324608363769,0.7521294439255278,0.6573302963731352,0.5890526763150206,0.7256079164312499,0.5947619047619047,0.5200309618779045,0.6694928476459049,0.8275,0.778708345082981,0.876291654917019,0.6184617772818131,0.5615302206701255,0.6753933338935006,0.43579115254400774,0.35334200562689944,0.518240299461116,0.8309096320346322,0.7983334210064729,0.8634858430627915,0.16367853775647742,0.14464831972844086,0.18270875578451398,-0.011298160173160184,0.29356632810396033,-0.0715565725703652,0.05881727579835654,1.0,1.0
nb,False,16.0,0.7729138022210472,0.7390716794718246,0.8067559249702698,0.738780303030303,0.7029378917358312,0.7746227143247747,0.7010674741427938,0.6358609356757051,0.7662740126098825,0.6260606060606061,0.566222616880285,0.6858985952409272,0.8515,0.8084185654993706,0.8945814345006294,0.6571818926138748,0.6080856982325754,0.7062780869951742,0.49382871586315036,0.4196521095870187,0.568005322139282,0.8301709956709956,0.7929928403066755,0.8673491510353157,0.20478831029030398,0.1745680915605161,0.23500852902009187,-0.012036796536796535,0.15945433573036782,-0.013519009251222696,0.6818965109963026,1.0,1.0
gb,True,12.02,0.7482496033844527,0.7086540045693372,0.7878452021995681,0.7140627705627705,0.6712314031810224,0.7568941379445185,0.6600516738719121,0.5875321923019358,0.7325711554418884,0.6011255411255412,0.5254957970659522,0.6767552851851302,0.8270000000000002,0.7763621977374848,0.8776378022625155,0.6230513938268717,0.5640955589137295,0.6820072287400138,0.4413136114725511,0.35431313871919856,0.5283140842259036,0.8300275974025975,0.7982453268151289,0.861809867990066,0.16380600034609863,0.14458791004370433,0.18302409064849293,-0.0121801948051948,0.2909451048550732,-0.0660341136418218,0.0971479127792296,1.0,1.0
knn,False,16.0,0.7602802749867794,0.7182875711556851,0.8022729788178737,0.7255097402597402,0.6814414912775563,0.7695779892419242,0.6809470505219334,0.6047008689948988,0.7571932320489679,0.6105194805194806,0.541152498563097,0.6798864624758642,0.8405000000000001,0.789722352670705,0.8912776473292953,0.6391965173134447,0.5781173206805683,0.7002757139463212,0.46629911894523646,0.3745285589380631,0.5580696789524098,0.823655303030303,0.7811714468454813,0.8661391592151246,0.16216124997851267,0.14116154462962688,0.18316095532739846,-0.018552489177489178,0.10811779143814217,-0.04104860616913652,0.27095024995065825,1.0,1.0
xgb,False,16.0,0.7443257535695398,0.7013565973491267,0.7872949097899529,0.7134112554112554,0.6698345029894024,0.7569880078331084,0.6495628653211446,0.5763613779208971,0.7227643527213921,0.6108225108225108,0.5434048306572516,0.67824019098777,0.8160000000000001,0.7609014084176688,0.8710985915823313,0.6248723536929778,0.5668666201256943,0.6828780872602612,0.4363351725431495,0.3460342662035657,0.5266360788827333,0.820775974025974,0.784338010762629,0.857213937289319,0.17268095090985297,0.14948698724621473,0.1958749145734912,-0.021431818181818173,0.05609743318182423,-0.07101255257122334,0.04342813334418488,0.953656364091012,0.8685626668836977
knn,True,12.02,0.7566842940243257,0.7131286821867355,0.8002399058619158,0.7213279220779221,0.6736884262822722,0.7689674178735719,0.674700222439501,0.5995083009435419,0.7498921439354601,0.6041558441558442,0.5252260102749585,0.6830856780367299,0.8385000000000001,0.7883486664070167,0.8886513335929835,0.6322603854096558,0.5671226090397316,0.69739816177958,0.45770213291798334,0.361333359206494,0.5540709066294727,0.8206856060606061,0.7767702819282707,0.8646009301929416,0.16284866631801329,0.1426492301519448,0.18304810248408176,-0.021522186147186147,0.10996616767834598,-0.04964559219638962,0.2103609875092424,1.0,1.0
xgb,True,12.02,0.7460021152829193,0.7066712632321035,0.785332967333735,0.7156093073593073,0.6743115574784614,0.7569070572401532,0.6511408113554491,0.5831563572090351,0.7191252655018631,0.6147186147186148,0.5428443384002031,0.6865928910370265,0.8165,0.764186783428391,0.868813216571609,0.6268816126083058,0.571837920164587,0.6819253050520245,0.44039248533544606,0.35653521248684816,0.524249758184044,0.819547619047619,0.7848205200030542,0.8542747180921837,0.1718067353963852,0.1504360488700368,0.19317742192273357,-0.022660173160173155,0.032529546326232034,-0.06695523977892683,0.08185340408406114,0.5855318338721767,1.0
lgbm,False,16.0,0.7310100475938657,0.6865369569663841,0.7754831382213473,0.7058971861471863,0.6596013644217105,0.7521930078726622,0.6203655555825499,0.5511720499186193,0.6895590612464805,0.6222943722943722,0.546455927786909,0.6981328168018355,0.7894999999999999,0.7329102722889757,0.8460897277110241,0.6165325633459289,0.5557050419931476,0.6773600846987101,0.4144288008489137,0.3212558223379223,0.507601779359905,0.8031980519480519,0.7644687636229162,0.8419273402731877,0.20464549678613636,0.17217206183611522,0.2371189317361575,-0.039009740259740265,0.0023060530569403276,-0.09291892426545927,0.018443979735378705,0.043815008081866225,0.4057675541783315
lgbm,True,12.02,0.7332734003172925,0.6913678652792259,0.7751789353553591,0.7086482683982683,0.6668063808372957,0.750490155959241,0.6249898898371553,0.5589344498722173,0.6910453298020933,0.6267965367965368,0.5590215466314082,0.6945715269616654,0.7905,0.7332222692788886,0.8477777307211114,0.6209346506408099,0.568041973418643,0.6738273278629767,0.42038396790570254,0.33557544698086655,0.5051924888305386,0.8004761904761903,0.7648732453795944,0.8360791355727862,0.20226661877488517,0.17455978230370928,0.22997345524606105,-0.04173160173160174,0.0009122675633389143,-0.08696375720867042,0.021499040208832844,0.019799490307433578,0.4514798443854897
dt,True,12.02,0.7100423056583819,0.6684276396594805,0.7516569716572833,0.7232348484848485,0.6810864648912616,0.7653832320784355,0.5650384970099427,0.5171539884582288,0.6129230055616566,0.7669696969696969,0.7017671214734629,0.8321722724659308,0.6795,0.626027417720826,0.732972582279174,0.6484882340584202,0.601109512801379,0.6958669553154613,0.4288198628038741,0.3475452325199325,0.5100944930878156,0.772388528138528,0.7314757757066808,0.8133012805703752,0.20744155422372443,0.17968201572469994,0.23520109272274892,-0.06981926406926407,0.0008999768321560717,-0.07852786231049896,0.07391470317999885,0.019799490307433578,1.0
dt,False,16.0,0.7097408778424114,0.6689398276850099,0.7505419279998128,0.7245248917748917,0.6831200759137659,0.7659297076360174,0.5639749380952296,0.5180181342735859,0.6099317419168733,0.7735497835497834,0.7083182691018657,0.8387812979977012,0.6755,0.6223060017914865,0.7286939982085134,0.6501550302914805,0.6041780366321442,0.6961320239508167,0.43115949366306244,0.35161748602985843,0.5107015012962665,0.7700211038961038,0.7286912422758502,0.8113509655163573,0.21018640785080972,0.1811210523067499,0.23925176339486953,-0.07218668831168831,0.0012724130536967972,-0.07618823145131044,0.08047309259073361,0.025448261073935944,1.0
