imputer,model,repeat,fold,n_features,indicators_kept,accuracy,balanced_accuracy,precision,recall,specificity,f1,mcc,roc_auc,brier
median,lr,1,1,16,0,0.7419354838709677,0.7181818181818183,0.6363636363636364,0.6363636363636364,0.8,0.6363636363636364,0.43636363636363634,0.8624999999999999,0.1489653153300651
median,stacking_rfecv,1,1,8,0,0.8064516129032258,0.7988636363636363,0.7083333333333334,0.7727272727272727,0.825,0.7391304347826086,0.5871471929220984,0.8784090909090909,0.14796683684499487
median,lr,1,2,16,0,0.7741935483870968,0.7738636363636364,0.6538461538461539,0.7727272727272727,0.775,0.7083333333333334,0.5310895765368948,0.8784090909090909,0.14579122530954192
median,stacking_rfecv,1,2,14,0,0.8064516129032258,0.8090909090909091,0.6923076923076923,0.8181818181818182,0.8,0.75,0.5994040033943377,0.8818181818181818,0.13926050286096292
median,lr,1,3,16,0,0.7741935483870968,0.7738636363636364,0.6538461538461539,0.7727272727272727,0.775,0.7083333333333334,0.5310895765368948,0.8693181818181819,0.1472481487698098
median,stacking_rfecv,1,3,8,0,0.7419354838709677,0.7386363636363636,0.6153846153846154,0.7272727272727273,0.75,0.6666666666666666,0.46277514967945194,0.8545454545454545,0.1585638783573597
median,lr,1,4,16,0,0.6935483870967742,0.7011363636363637,0.5517241379310345,0.7272727272727273,0.675,0.6274509803921569,0.3857500198314227,0.7818181818181817,0.20746914710015427
median,stacking_rfecv,1,4,15,0,0.7096774193548387,0.7136363636363636,0.5714285714285714,0.7272727272727273,0.7,0.64,0.4107977295910088,0.775,0.20800681353142014
median,lr,1,5,16,0,0.819672131147541,0.8172619047619047,0.7083333333333334,0.8095238095238095,0.825,0.7555555555555555,0.6171362867974921,0.8976190476190476,0.13291937900516357
median,stacking_rfecv,1,5,15,0,0.7868852459016393,0.7696428571428571,0.6818181818181818,0.7142857142857143,0.825,0.6976744186046512,0.5335988870188657,0.9011904761904761,0.13183403270721122
median,lr,1,6,16,0,0.7868852459016393,0.780952380952381,0.6666666666666666,0.7619047619047619,0.8,0.7111111111111111,0.5465071808037829,0.8321428571428571,0.15855555388046463
median,stacking_rfecv,1,6,15,0,0.8032786885245902,0.7934523809523809,0.6956521739130435,0.7619047619047619,0.825,0.7272727272727273,0.5753757578504872,0.8642857142857143,0.14016489506662552
median,lr,1,7,16,0,0.7704918032786885,0.7684523809523809,0.64,0.7619047619047619,0.775,0.6956521739130435,0.5186992787723362,0.825,0.17120653529350263
median,stacking_rfecv,1,7,14,0,0.7213114754098361,0.7309523809523809,0.5714285714285714,0.7619047619047619,0.7,0.6530612244897959,0.4404089102705831,0.7916666666666667,0.19003787416536055
median,lr,1,8,16,0,0.7868852459016393,0.7922619047619048,0.6538461538461539,0.8095238095238095,0.775,0.723404255319149,0.5615923108449842,0.8738095238095238,0.14849250625089125
median,stacking_rfecv,1,8,8,0,0.7540983606557377,0.7559523809523809,0.6153846153846154,0.7619047619047619,0.75,0.6808510638297872,0.49182218668705335,0.8119047619047619,0.18018779194927356
median,lr,1,9,16,0,0.7868852459016393,0.780952380952381,0.6666666666666666,0.7619047619047619,0.8,0.7111111111111111,0.5465071808037829,0.861904761904762,0.15283392028482992
median,stacking_rfecv,1,9,14,0,0.7540983606557377,0.7672619047619047,0.6071428571428571,0.8095238095238095,0.725,0.6938775510204082,0.5096484554419892,0.8535714285714286,0.16672859667936518
median,lr,1,10,16,0,0.7213114754098361,0.6970238095238095,0.5909090909090909,0.6190476190476191,0.775,0.6046511627906976,0.38989234349502105,0.7761904761904761,0.1989599528275267
median,stacking_rfecv,1,10,8,0,0.6721311475409836,0.6595238095238095,0.52,0.6190476190476191,0.7,0.5652173913043478,0.3082292831729182,0.7726190476190476,0.19910561197036658
median,lr,2,1,16,0,0.7741935483870968,0.7534090909090909,0.6818181818181818,0.6818181818181818,0.825,0.6818181818181818,0.5068181818181818,0.8227272727272726,0.16282465707445104
median,stacking_rfecv,2,1,7,0,0.7419354838709677,0.7284090909090909,0.625,0.6818181818181818,0.775,0.6521739130434783,0.4487322653130866,0.8295454545454545,0.15946635514530436
median,lr,2,2,16,0,0.6774193548387096,0.7090909090909091,0.5294117647058824,0.8181818181818182,0.6,0.6428571428571429,0.4020573523656682,0.8238636363636364,0.19683812276826873
median,stacking_rfecv,2,2,12,0,0.6774193548387096,0.6988636363636364,0.53125,0.7727272727272727,0.625,0.6296296296296297,0.380794872403089,0.853409090909091,0.18601322325295122
median,lr,2,3,16,0,0.7741935483870968,0.7431818181818182,0.7,0.6363636363636364,0.85,0.6666666666666666,0.4978090525631819,0.8659090909090909,0.14381298636477935
median,stacking_rfecv,2,3,14,0,0.7741935483870968,0.7534090909090909,0.6818181818181818,0.6818181818181818,0.825,0.6818181818181818,0.5068181818181818,0.8545454545454546,0.14643131205079402
median,lr,2,4,16,0,0.7741935483870968,0.7943181818181818,0.6333333333333333,0.8636363636363636,0.725,0.7307692307692307,0.5635764111565718,0.8363636363636364,0.17583497132526857
median,stacking_rfecv,2,4,8,0,0.7258064516129032,0.7568181818181818,0.5757575757575758,0.8636363636363636,0.65,0.6909090909090909,0.49253957334407644,0.8318181818181818,0.1800413430741074
median,lr,2,5,16,0,0.819672131147541,0.7720238095238096,0.8125,0.6190476190476191,0.925,0.7027027027027027,0.5876385911056333,0.8976190476190475,0.133670347712649
median,stacking_rfecv,2,5,8,0,0.7868852459016393,0.7470238095238095,0.7222222222222222,0.6190476190476191,0.875,0.6666666666666666,0.5146808071128034,0.9047619047619048,0.13360943628963165
median,lr,2,6,16,0,0.819672131147541,0.7720238095238096,0.8125,0.6190476190476191,0.925,0.7027027027027027,0.5876385911056333,0.8702380952380953,0.13842517326720052
median,stacking_rfecv,2,6,15,0,0.8360655737704918,0.8071428571428572,0.7894736842105263,0.7142857142857143,0.9,0.75,0.6302438448523089,0.8928571428571428,0.1334421856686508
median,lr,2,7,16,0,0.7213114754098361,0.7422619047619048,0.5666666666666667,0.8095238095238095,0.675,0.6666666666666666,0.4604826715899453,0.7773809523809524,0.20919623329717088
median,stacking_rfecv,2,7,14,0,0.6557377049180327,0.6696428571428572,0.5,0.7142857142857143,0.625,0.5882352941176471,0.3224510108185121,0.7642857142857142,0.21755600829295615
median,lr,2,8,16,0,0.7213114754098361,0.7535714285714286,0.5625,0.8571428571428571,0.65,0.6792452830188679,0.4824985004698616,0.8071428571428572,0.1942446342150613
median,stacking_rfecv,2,8,15,0,0.6885245901639344,0.7285714285714285,0.5294117647058824,0.8571428571428571,0.6,0.6545454545454545,0.43729069956842015,0.7821428571428571,0.1989101885375338
median,lr,2,9,16,0,0.7868852459016393,0.780952380952381,0.6666666666666666,0.7619047619047619,0.8,0.7111111111111111,0.5465071808037829,0.8761904761904762,0.1405829881074383
median,stacking_rfecv,2,9,8,0,0.8524590163934426,0.8535714285714285,0.75,0.8571428571428571,0.85,0.8,0.6877653927912014,0.9154761904761904,0.12553029721275508
median,lr,2,10,16,0,0.8032786885245902,0.7934523809523809,0.6956521739130435,0.7619047619047619,0.825,0.7272727272727273,0.5753757578504872,0.8797619047619047,0.1398856343325682
median,stacking_rfecv,2,10,7,0,0.819672131147541,0.8172619047619047,0.7083333333333334,0.8095238095238095,0.825,0.7555555555555555,0.6171362867974921,0.8583333333333333,0.14186163959898462
median_indicator,lr,1,1,21,5,0.7580645161290323,0.7306818181818182,0.6666666666666666,0.6363636363636364,0.825,0.6511627906976745,0.46642639786653944,0.8568181818181818,0.15109491674793055
median_indicator,stacking_rfecv,1,1,8,0,0.8064516129032258,0.7988636363636363,0.7083333333333334,0.7727272727272727,0.825,0.7391304347826086,0.5871471929220984,0.8784090909090909,0.14796683684499487
median_indicator,lr,1,2,21,5,0.7741935483870968,0.7738636363636364,0.6538461538461539,0.7727272727272727,0.775,0.7083333333333334,0.5310895765368948,0.8886363636363636,0.14110482573059546
median_indicator,stacking_rfecv,1,2,14,0,0.8064516129032258,0.8090909090909091,0.6923076923076923,0.8181818181818182,0.8,0.75,0.5994040033943377,0.8818181818181818,0.13926050286096292
median_indicator,lr,1,3,21,5,0.7741935483870968,0.7738636363636364,0.6538461538461539,0.7727272727272727,0.775,0.7083333333333334,0.5310895765368948,0.8738636363636364,0.14279285742358133
median_indicator,stacking_rfecv,1,3,8,0,0.7419354838709677,0.7386363636363636,0.6153846153846154,0.7272727272727273,0.75,0.6666666666666666,0.46277514967945194,0.8545454545454545,0.1585638783573597
median_indicator,lr,1,4,21,5,0.6935483870967742,0.6909090909090909,0.5555555555555556,0.6818181818181818,0.7,0.6122448979591837,0.3684529491774706,0.7840909090909092,0.20594841961635796
median_indicator,stacking_rfecv,1,4,19,3,0.6935483870967742,0.7011363636363637,0.5517241379310345,0.7272727272727273,0.675,0.6274509803921569,0.3857500198314227,0.7704545454545455,0.20909455141404834
median_indicator,lr,1,5,21,5,0.7868852459016393,0.8035714285714286,0.6428571428571429,0.8571428571428571,0.75,0.7346938775510204,0.5788880006133953,0.9202380952380953,0.1287672309579936
median_indicator,stacking_rfecv,1,5,15,0,0.7868852459016393,0.7696428571428571,0.6818181818181818,0.7142857142857143,0.825,0.6976744186046512,0.5335988870188657,0.9011904761904761,0.13183403270721125
median_indicator,lr,1,6,21,5,0.7868852459016393,0.7696428571428571,0.6818181818181818,0.7142857142857143,0.825,0.6976744186046512,0.5335988870188657,0.8214285714285714,0.1634722010665095
median_indicator,stacking_rfecv,1,6,19,3,0.8032786885245902,0.7934523809523809,0.6956521739130435,0.7619047619047619,0.825,0.7272727272727273,0.5753757578504872,0.8416666666666667,0.15366413306992022
median_indicator,lr,1,7,21,5,0.7213114754098361,0.7083333333333333,0.5833333333333334,0.6666666666666666,0.75,0.6222222222222222,0.40524896881636446,0.7559523809523809,0.20183196179308852
median_indicator,stacking_rfecv,1,7,17,1,0.7213114754098361,0.7196428571428571,0.5769230769230769,0.7142857142857143,0.725,0.6382978723404256,0.42205206252912253,0.794047619047619,0.1893786520398701
median_indicator,lr,1,8,21,5,0.7868852459016393,0.780952380952381,0.6666666666666666,0.7619047619047619,0.8,0.7111111111111111,0.5465071808037829,0.8607142857142858,0.1509619482292965
median_indicator,stacking_rfecv,1,8,8,0,0.7540983606557377,0.7559523809523809,0.6153846153846154,0.7619047619047619,0.75,0.6808510638297872,0.49182218668705335,0.8119047619047619,0.18018779194927356
median_indicator,lr,1,9,21,5,0.7704918032786885,0.7684523809523809,0.64,0.7619047619047619,0.775,0.6956521739130435,0.5186992787723362,0.8619047619047618,0.15331744171406017
median_indicator,stacking_rfecv,1,9,14,0,0.7540983606557377,0.7672619047619047,0.6071428571428571,0.8095238095238095,0.725,0.6938775510204082,0.5096484554419892,0.8535714285714286,0.16672859667936518
median_indicator,lr,1,10,21,5,0.6721311475409836,0.6595238095238095,0.52,0.6190476190476191,0.7,0.5652173913043478,0.3082292831729182,0.7738095238095238,0.19703175586513566
median_indicator,stacking_rfecv,1,10,8,0,0.6721311475409836,0.6595238095238095,0.52,0.6190476190476191,0.7,0.5652173913043478,0.3082292831729182,0.7726190476190476,0.19910561197036658
median_indicator,lr,2,1,21,5,0.7580645161290323,0.740909090909091,0.6521739130434783,0.6818181818181818,0.8,0.6666666666666666,0.47723061776427467,0.8170454545454546,0.16317362578261302
median_indicator,stacking_rfecv,2,1,18,2,0.7419354838709677,0.7284090909090909,0.625,0.6818181818181818,0.775,0.6521739130434783,0.4487322653130866,0.8227272727272728,0.16708236077631164
median_indicator,lr,2,2,21,5,0.6612903225806451,0.696590909090909,0.5142857142857142,0.8181818181818182,0.575,0.631578947368421,0.37941881076013345,0.8181818181818181,0.20045074384069053
median_indicator,stacking_rfecv,2,2,12,0,0.6774193548387096,0.6988636363636364,0.53125,0.7727272727272727,0.625,0.6296296296296297,0.380794872403089,0.853409090909091,0.18601322325295122
median_indicator,lr,2,3,21,5,0.7580645161290323,0.7204545454545455,0.6842105263157895,0.5909090909090909,0.85,0.6341463414634146,0.4575929884199208,0.8784090909090909,0.1424039452619055
median_indicator,stacking_rfecv,2,3,14,0,0.7741935483870968,0.7534090909090909,0.6818181818181818,0.6818181818181818,0.825,0.6818181818181818,0.5068181818181818,0.8545454545454546,0.14643131205079402
median_indicator,lr,2,4,21,5,0.7903225806451613,0.8170454545454545,0.6451612903225806,0.9090909090909091,0.725,0.7547169811320755,0.6067798762169179,0.8545454545454546,0.16846294641574247
median_indicator,stacking_rfecv,2,4,8,0,0.7258064516129032,0.7568181818181818,0.5757575757575758,0.8636363636363636,0.65,0.6909090909090909,0.49253957334407644,0.8318181818181818,0.18004134307410738
median_indicator,lr,2,5,21,5,0.8032786885245902,0.7708333333333333,0.7368421052631579,0.6666666666666666,0.875,0.7,0.5557382740461251,0.8928571428571428,0.13460718673227043
median_indicator,stacking_rfecv,2,5,8,0,0.7868852459016393,0.7470238095238095,0.7222222222222222,0.6190476190476191,0.875,0.6666666666666666,0.5146808071128034,0.9047619047619048,0.13360943628963165
median_indicator,lr,2,6,21,5,0.819672131147541,0.7720238095238096,0.8125,0.6190476190476191,0.925,0.7027027027027027,0.5876385911056333,0.875,0.13651263319277726
median_indicator,stacking_rfecv,2,6,21,5,0.8360655737704918,0.8071428571428572,0.7894736842105263,0.7142857142857143,0.9,0.75,0.6302438448523089,0.9071428571428571,0.12791350647538272
median_indicator,lr,2,7,21,5,0.6557377049180327,0.6696428571428572,0.5,0.7142857142857143,0.625,0.5882352941176471,0.3224510108185121,0.7142857142857142,0.23657678244801716
median_indicator,stacking_rfecv,2,7,21,5,0.6721311475409836,0.6934523809523809,0.5161290322580645,0.7619047619047619,0.625,0.6153846153846154,0.3677072930386541,0.7440476190476191,0.22477589545737514
median_indicator,lr,2,8,21,5,0.7049180327868853,0.718452380952381,0.5517241379310345,0.7619047619047619,0.675,0.64,0.41567359078037375,0.7333333333333333,0.2226879280242024
median_indicator,stacking_rfecv,2,8,20,4,0.6885245901639344,0.7059523809523809,0.5333333333333333,0.7619047619047619,0.65,0.6274509803921569,0.3914668412042287,0.7773809523809524,0.20491465335349637
median_indicator,lr,2,9,21,5,0.8032786885245902,0.7934523809523809,0.6956521739130435,0.7619047619047619,0.825,0.7272727272727273,0.5753757578504872,0.8642857142857143,0.14132906111980056
median_indicator,stacking_rfecv,2,9,8,0,0.8524590163934426,0.8535714285714285,0.75,0.8571428571428571,0.85,0.8,0.6877653927912014,0.9154761904761904,0.12553029721275508
median_indicator,lr,2,10,21,5,0.7704918032786885,0.7684523809523809,0.64,0.7619047619047619,0.775,0.6956521739130435,0.5186992787723362,0.8773809523809524,0.1433732983306684
median_indicator,stacking_rfecv,2,10,7,0,0.819672131147541,0.8172619047619047,0.7083333333333334,0.8095238095238095,0.825,0.7555555555555555,0.6171362867974921,0.8583333333333333,0.1418616395989846
iterative,lr,1,1,16,0,0.7258064516129032,0.7056818181818182,0.6086956521739131,0.6363636363636364,0.775,0.6222222222222222,0.40744689535534767,0.8613636363636363,0.1492967774673797
iterative,stacking_rfecv,1,1,15,0,0.7580645161290323,0.7511363636363637,0.64,0.7272727272727273,0.775,0.6808510638297872,0.4899029638662273,0.853409090909091,0.15569030918410964
iterative,lr,1,2,16,0,0.7741935483870968,0.7738636363636364,0.6538461538461539,0.7727272727272727,0.775,0.7083333333333334,0.5310895765368948,0.875,0.14716321715862588
iterative,stacking_rfecv,1,2,13,0,0.8064516129032258,0.8090909090909091,0.6923076923076923,0.8181818181818182,0.8,0.75,0.5994040033943377,0.8806818181818181,0.13537401851253628
iterative,lr,1,3,16,0,0.7741935483870968,0.7738636363636364,0.6538461538461539,0.7727272727272727,0.775,0.7083333333333334,0.5310895765368948,0.8715909090909091,0.14726403545850064
iterative,stacking_rfecv,1,3,11,0,0.7258064516129032,0.7261363636363636,0.5925925925925926,0.7272727272727273,0.725,0.6530612244897959,0.4364412909899801,0.8704545454545456,0.1535208996474345
iterative,lr,1,4,16,0,0.6935483870967742,0.7011363636363637,0.5517241379310345,0.7272727272727273,0.675,0.6274509803921569,0.3857500198314227,0.7863636363636364,0.2026513125026473
iterative,stacking_rfecv,1,4,15,0,0.7096774193548387,0.7238636363636364,0.5666666666666667,0.7727272727272727,0.675,0.6538461538461539,0.4286662277909059,0.7875,0.20189646273874964
iterative,lr,1,5,16,0,0.8032786885245902,0.8047619047619048,0.68,0.8095238095238095,0.8,0.7391304347826086,0.5888559439721422,0.8999999999999999,0.13409453469440058
iterative,stacking_rfecv,1,5,15,0,0.8032786885245902,0.7934523809523809,0.6956521739130435,0.7619047619047619,0.825,0.7272727272727273,0.5753757578504872,0.8904761904761904,0.1384739314385228
iterative,lr,1,6,16,0,0.8032786885245902,0.7934523809523809,0.6956521739130435,0.7619047619047619,0.825,0.7272727272727273,0.5753757578504872,0.8214285714285714,0.16062138815538277
iterative,stacking_rfecv,1,6,16,0,0.8032786885245902,0.7934523809523809,0.6956521739130435,0.7619047619047619,0.825,0.7272727272727273,0.5753757578504872,0.8547619047619047,0.14881627372301048
iterative,lr,1,7,16,0,0.7704918032786885,0.7797619047619048,0.6296296296296297,0.8095238095238095,0.75,0.7083333333333334,0.5352255958259309,0.830952380952381,0.16812337138427466
iterative,stacking_rfecv,1,7,16,0,0.7540983606557377,0.7672619047619047,0.6071428571428571,0.8095238095238095,0.725,0.6938775510204082,0.5096484554419892,0.8214285714285714,0.18200043620428435
iterative,lr,1,8,16,0,0.7704918032786885,0.7797619047619048,0.6296296296296297,0.8095238095238095,0.75,0.7083333333333334,0.5352255958259309,0.8714285714285714,0.15008938873072075
iterative,stacking_rfecv,1,8,14,0,0.7868852459016393,0.780952380952381,0.6666666666666666,0.7619047619047619,0.8,0.7111111111111111,0.5465071808037829,0.8511904761904762,0.15607831987192447
iterative,lr,1,9,16,0,0.8032786885245902,0.8047619047619048,0.68,0.8095238095238095,0.8,0.7391304347826086,0.5888559439721422,0.8630952380952381,0.14977400386973183
iterative,stacking_rfecv,1,9,15,0,0.7540983606557377,0.7559523809523809,0.6153846153846154,0.7619047619047619,0.75,0.6808510638297872,0.49182218668705335,0.8476190476190476,0.16445504181197887
iterative,lr,1,10,16,0,0.7377049180327869,0.7208333333333333,0.6086956521739131,0.6666666666666666,0.775,0.6363636363636364,0.4329906818712591,0.7726190476190475,0.19841639658295115
iterative,stacking_rfecv,1,10,8,0,0.7049180327868853,0.6958333333333333,0.56,0.6666666666666666,0.725,0.6086956521739131,0.3783859483727242,0.7869047619047619,0.19752267781734353
iterative,lr,2,1,16,0,0.7741935483870968,0.7534090909090909,0.6818181818181818,0.6818181818181818,0.825,0.6818181818181818,0.5068181818181818,0.8193181818181817,0.16393225280810117
iterative,stacking_rfecv,2,1,14,0,0.7741935483870968,0.7636363636363637,0.6666666666666666,0.7272727272727273,0.8,0.6956521739130435,0.5179397291175925,0.8386363636363636,0.15449263891546183
iterative,lr,2,2,16,0,0.6774193548387096,0.7090909090909091,0.5294117647058824,0.8181818181818182,0.6,0.6428571428571429,0.4020573523656682,0.8306818181818182,0.19211605999726175
iterative,stacking_rfecv,2,2,14,0,0.6612903225806451,0.6863636363636363,0.5151515151515151,0.7727272727272727,0.6,0.6181818181818182,0.35741809747092274,0.8420454545454545,0.18724228157751668
iterative,lr,2,3,16,0,0.7741935483870968,0.7431818181818182,0.7,0.6363636363636364,0.85,0.6666666666666666,0.4978090525631819,0.8727272727272728,0.1416620328118035
iterative,stacking_rfecv,2,3,15,0,0.8064516129032258,0.7784090909090908,0.75,0.6818181818181818,0.875,0.7142857142857143,0.5699215788690635,0.8556818181818182,0.14812214069024435
iterative,lr,2,4,16,0,0.7741935483870968,0.7943181818181818,0.6333333333333333,0.8636363636363636,0.725,0.7307692307692307,0.5635764111565718,0.8363636363636364,0.17663388935031782
iterative,stacking_rfecv,2,4,12,0,0.7096774193548387,0.7340909090909091,0.5625,0.8181818181818182,0.65,0.6666666666666666,0.44824996408592194,0.8159090909090909,0.18788904736048753
iterative,lr,2,5,16,0,0.8032786885245902,0.7595238095238095,0.7647058823529411,0.6190476190476191,0.9,0.6842105263157895,0.5500422466817512,0.8964285714285714,0.13378443363778655
iterative,stacking_rfecv,2,5,12,0,0.7868852459016393,0.7470238095238095,0.7222222222222222,0.6190476190476191,0.875,0.6666666666666666,0.5146808071128034,0.9011904761904761,0.1359645048170322
iterative,lr,2,6,16,0,0.8360655737704918,0.7958333333333334,0.8235294117647058,0.6666666666666666,0.925,0.7368421052631579,0.6269976986257576,0.8785714285714286,0.1345840272899237
iterative,stacking_rfecv,2,6,15,0,0.8360655737704918,0.7958333333333334,0.8235294117647058,0.6666666666666666,0.925,0.7368421052631579,0.6269976986257576,0.8940476190476191,0.1297757912577392
iterative,lr,2,7,16,0,0.7213114754098361,0.7422619047619048,0.5666666666666667,0.8095238095238095,0.675,0.6666666666666666,0.4604826715899453,0.7797619047619049,0.21021974701908913
iterative,stacking_rfecv,2,7,15,0,0.6557377049180327,0.6922619047619047,0.5,0.8095238095238095,0.575,0.6181818181818182,0.36782524989739507,0.7738095238095238,0.21584375427593425
iterative,lr,2,8,16,0,0.7377049180327869,0.7660714285714285,0.5806451612903226,0.8571428571428571,0.675,0.6923076923076923,0.5057389538100874,0.8142857142857143,0.19614923032338957
iterative,stacking_rfecv,2,8,16,0,0.7213114754098361,0.7535714285714286,0.5625,0.8571428571428571,0.65,0.6792452830188679,0.4824985004698616,0.8083333333333333,0.19671902392325127
iterative,lr,2,9,16,0,0.7704918032786885,0.7571428571428571,0.6521739130434783,0.7142857142857143,0.8,0.6818181818181818,0.5041832198608731,0.8714285714285714,0.1402175260712344
iterative,stacking_rfecv,2,9,15,0,0.819672131147541,0.8285714285714285,0.6923076923076923,0.8571428571428571,0.8,0.7659574468085106,0.631362435002915,0.8916666666666666,0.13727887191557808
iterative,lr,2,10,16,0,0.819672131147541,0.8172619047619047,0.7083333333333334,0.8095238095238095,0.825,0.7555555555555555,0.6171362867974921,0.8773809523809523,0.14135996058974862
iterative,stacking_rfecv,2,10,14,0,0.8524590163934426,0.8535714285714285,0.75,0.8571428571428571,0.85,0.8,0.6877653927912014,0.8845238095238096,0.13626032662624263
knn,lr,1,1,16,0,0.7258064516129032,0.7056818181818182,0.6086956521739131,0.6363636363636364,0.775,0.6222222222222222,0.40744689535534767,0.8613636363636363,0.1488668292902677
knn,stacking_rfecv,1,1,15,0,0.7419354838709677,0.7386363636363636,0.6153846153846154,0.7272727272727273,0.75,0.6666666666666666,0.46277514967945194,0.8545454545454545,0.15479881972622533
knn,lr,1,2,16,0,0.7741935483870968,0.7738636363636364,0.6538461538461539,0.7727272727272727,0.775,0.7083333333333334,0.5310895765368948,0.8738636363636364,0.14641543952982455
knn,stacking_rfecv,1,2,15,0,0.8064516129032258,0.8090909090909091,0.6923076923076923,0.8181818181818182,0.8,0.75,0.5994040033943377,0.8863636363636364,0.1389901931583298
knn,lr,1,3,16,0,0.7741935483870968,0.7738636363636364,0.6538461538461539,0.7727272727272727,0.775,0.7083333333333334,0.5310895765368948,0.8761363636363636,0.1463248197134981
knn,stacking_rfecv,1,3,12,0,0.7580645161290323,0.7613636363636364,0.6296296296296297,0.7727272727272727,0.75,0.6938775510204082,0.5044296328024895,0.8590909090909091,0.15793800695050894
knn,lr,1,4,16,0,0.6935483870967742,0.7011363636363637,0.5517241379310345,0.7272727272727273,0.675,0.6274509803921569,0.3857500198314227,0.7818181818181819,0.20590635354088957
knn,stacking_rfecv,1,4,16,0,0.6935483870967742,0.7011363636363637,0.5517241379310345,0.7272727272727273,0.675,0.6274509803921569,0.3857500198314227,0.7920454545454545,0.20158397236374037
knn,lr,1,5,16,0,0.8032786885245902,0.8047619047619048,0.68,0.8095238095238095,0.8,0.7391304347826086,0.5888559439721422,0.9023809523809524,0.13345300211962785
knn,stacking_rfecv,1,5,15,0,0.7868852459016393,0.780952380952381,0.6666666666666666,0.7619047619047619,0.8,0.7111111111111111,0.5465071808037829,0.9047619047619048,0.13260255472333896
knn,lr,1,6,16,0,0.7868852459016393,0.780952380952381,0.6666666666666666,0.7619047619047619,0.8,0.7111111111111111,0.5465071808037829,0.825,0.16065169294362905
knn,stacking_rfecv,1,6,14,0,0.7704918032786885,0.7684523809523809,0.64,0.7619047619047619,0.775,0.6956521739130435,0.5186992787723362,0.8690476190476191,0.1424917016314797
knn,lr,1,7,16,0,0.7540983606557377,0.7446428571428572,0.625,0.7142857142857143,0.775,0.6666666666666666,0.47587807481007366,0.8261904761904761,0.17221728578764625
knn,stacking_rfecv,1,7,11,0,0.7213114754098361,0.7309523809523809,0.5714285714285714,0.7619047619047619,0.7,0.6530612244897959,0.4404089102705831,0.8035714285714285,0.1894139501033763
knn,lr,1,8,16,0,0.7868852459016393,0.7922619047619048,0.6538461538461539,0.8095238095238095,0.775,0.723404255319149,0.5615923108449842,0.8761904761904762,0.1495649175264686
knn,stacking_rfecv,1,8,14,0,0.7868852459016393,0.780952380952381,0.6666666666666666,0.7619047619047619,0.8,0.7111111111111111,0.5465071808037829,0.8476190476190476,0.15931306084957603
knn,lr,1,9,16,0,0.8032786885245902,0.8047619047619048,0.68,0.8095238095238095,0.8,0.7391304347826086,0.5888559439721422,0.8642857142857143,0.14988865304525406
knn,stacking_rfecv,1,9,14,0,0.7704918032786885,0.7797619047619048,0.6296296296296297,0.8095238095238095,0.75,0.7083333333333334,0.5352255958259309,0.8559523809523809,0.16292070696358368
knn,lr,1,10,16,0,0.7049180327868853,0.6732142857142858,0.5714285714285714,0.5714285714285714,0.775,0.5714285714285714,0.3464285714285714,0.7726190476190475,0.19655689414626676
knn,stacking_rfecv,1,10,10,0,0.6885245901639344,0.6833333333333333,0.5384615384615384,0.6666666666666666,0.7,0.5957446808510638,0.3522819383711917,0.7761904761904761,0.20014691868411943
knn,lr,2,1,16,0,0.7580645161290323,0.740909090909091,0.6521739130434783,0.6818181818181818,0.8,0.6666666666666666,0.47723061776427467,0.8181818181818181,0.16427870012604912
knn,stacking_rfecv,2,1,16,0,0.7580645161290323,0.7511363636363637,0.64,0.7272727272727273,0.775,0.6808510638297872,0.4899029638662273,0.8204545454545455,0.16624460790196352
knn,lr,2,2,16,0,0.6774193548387096,0.7090909090909091,0.5294117647058824,0.8181818181818182,0.6,0.6428571428571429,0.4020573523656682,0.8204545454545454,0.19404663372823724
knn,stacking_rfecv,2,2,15,0,0.6774193548387096,0.6988636363636364,0.53125,0.7727272727272727,0.625,0.6296296296296297,0.380794872403089,0.8545454545454545,0.1862750056970216
knn,lr,2,3,16,0,0.7741935483870968,0.7431818181818182,0.7,0.6363636363636364,0.85,0.6666666666666666,0.4978090525631819,0.8727272727272727,0.14090274070753947
knn,stacking_rfecv,2,3,16,0,0.7903225806451613,0.7556818181818181,0.7368421052631579,0.6363636363636364,0.875,0.6829268292682927,0.5307135174973308,0.8602272727272727,0.1431965634247074
knn,lr,2,4,16,0,0.7903225806451613,0.8170454545454545,0.6451612903225806,0.9090909090909091,0.725,0.7547169811320755,0.6067798762169179,0.8409090909090908,0.1758364843324836
knn,stacking_rfecv,2,4,11,0,0.7258064516129032,0.7568181818181818,0.5757575757575758,0.8636363636363636,0.65,0.6909090909090909,0.49253957334407644,0.8318181818181818,0.18134720341594376
knn,lr,2,5,16,0,0.8032786885245902,0.7595238095238095,0.7647058823529411,0.6190476190476191,0.9,0.6842105263157895,0.5500422466817512,0.8952380952380952,0.1337323004736786
knn,stacking_rfecv,2,5,10,0,0.8032786885245902,0.7708333333333333,0.7368421052631579,0.6666666666666666,0.875,0.7,0.5557382740461251,0.8952380952380952,0.1354855644544171
knn,lr,2,6,16,0,0.819672131147541,0.7833333333333333,0.7777777777777778,0.6666666666666666,0.9,0.717948717948718,0.5903326847848058,0.8738095238095238,0.13533631268132076
knn,stacking_rfecv,2,6,9,0,0.7868852459016393,0.7470238095238095,0.7222222222222222,0.6190476190476191,0.875,0.6666666666666666,0.5146808071128034,0.8964285714285715,0.1278481088537659
knn,lr,2,7,16,0,0.7049180327868853,0.718452380952381,0.5517241379310345,0.7619047619047619,0.675,0.64,0.41567359078037375,0.7797619047619048,0.21272043052720194
knn,stacking_rfecv,2,7,15,0,0.6885245901639344,0.7172619047619048,0.53125,0.8095238095238095,0.625,0.6415094339622641,0.4134083396044589,0.7714285714285714,0.2112684301127208
knn,lr,2,8,16,0,0.7213114754098361,0.7535714285714286,0.5625,0.8571428571428571,0.65,0.6792452830188679,0.4824985004698616,0.8119047619047619,0.19614487410478665
knn,stacking_rfecv,2,8,16,0,0.7049180327868853,0.7297619047619048,0.5483870967741935,0.8095238095238095,0.65,0.6538461538461539,0.43672312342437075,0.8083333333333332,0.19605046427035064
knn,lr,2,9,16,0,0.7868852459016393,0.780952380952381,0.6666666666666666,0.7619047619047619,0.8,0.7111111111111111,0.5465071808037829,0.875,0.1403401495152912
knn,stacking_rfecv,2,9,15,0,0.819672131147541,0.8285714285714285,0.6923076923076923,0.8571428571428571,0.8,0.7659574468085106,0.631362435002915,0.888095238095238,0.13822003670753133
knn,lr,2,10,16,0,0.8032786885245902,0.7934523809523809,0.6956521739130435,0.7619047619047619,0.825,0.7272727272727273,0.5753757578504872,0.8857142857142857,0.14064793480495358
knn,stacking_rfecv,2,10,12,0,0.8524590163934426,0.8535714285714285,0.75,0.8571428571428571,0.85,0.8,0.6877653927912014,0.9,0.13238091754868014
